;;;;;;;;;;;;;;;;;;;;;;;;;;;;;;;;;;;;;;;;;;;;;;;;;;;;;;;;;;;;;;;;;;;;;;;;;;;;;;;;;;;;;;;;;;;;;;;;;;;;;;;;;;;;;;;;;;;;;;;;;;;;;;;;;;;;;;;;;;;;;;;;;;;;;;;;;;;;;;;;;;;;;;;;;;;;;;;;;;;;;;;;;;;;;;;;;;;;;;;;;;;;;;;;;;;;;;;;;;;;;;;;;;;;;;;;;;;;;;;;;;;;;;;;;;;;;;;;;;;;;;;;;;;;;;;;;;;;;;;;;;;;;;;;;;;;;;;;;;;;;;;;;;;;;;;;;;;;;;;;;;;;;;;;;;;;;;;;;;;;;;;;;;;;;;;;;;;;;;;;;;;;;;;;;;;;;;;;;;;;;;;;;;;;;;;;;;;;;;;;;;;;;;;;;;;;;;;;;;;;;;;;;;;;;;;;;;;;;;;;;;;;;;;;;;;;;;;;;;;;;;;;;;;;;;;;;;;;;;;;;;;;;;;;;;;;;;;;;;;;;;;;;;;;;;;;;;;;;;;;;;;;;;;;;;;;;;;;;;;;;;;;;;;;;;;;;;;;;;;;;;;;;;;;;;;;;;;;;;;;;;;;;;;;;;;;;;;;;;;;;;;;;;;;;;;;;;;;;;;;;;;;;;;;;;;;;;;;;;;;;;;;;;
;;;;;;;;;;;;;;;;;;;;;;;;;;;;;;;;;;;;;;;;;;;;;;;;;;;;;;;;;;;;;;;;;;;;;;;;;;;;;;;;;;;;;;;;;;;;;;;;;;;;;;;;;;;;;;;;;;;;;;;;;;;;;;;;;;;;;;;;;;;;;;;;;;;;;;;;;;;;;;;;;;;;;;;;;;;;;;;;;;;;;;;;;;;;;;;;;;;;;;;;;;;;;;;;;;;;;;;;;;;;;;;;;;;;;;;;;;;;;;;;;;;;;;;;;;;;;;;;;;;;;;;;;;;;;;;;;;;;;;;;;;;;;;;;;;;;;;;;;;;;;;;;;;;;;;;;;;;;;;;;;;;;;;;;;;;;;;;;;;;;;;;;;;;;;;;;;;;;;;;;;;;;;;;;;;;;;;;;;;;;;;;;;;;;;;;;;;;;;;;;;;;;;;;;;;;;;;;;;;;;;;;;;;;;;;;;;;;;;;;;;;;;;;;;;;;;;;;;;;;;;;;;;;;;;;;;;;;;;;;;;;;;;;;;;;;;;;;;;;;;;;;;;;;;;;;;;;;;;;;;;;;;;;;;;;;;;;;;;;;;;;;;;;;;;;;;;;;;;;;;;;;;;;;;;;;;;;;;;;;;;;;;;;;;;;;;;;;;;;;;;;;;;;;;;;;;;;;;;;;;;;;;;;;;;;;;;;;;;;;;;;;;;;
;;;;;;;;;;;;;;;;;;;;;;;;;;;;;;;;;;;;;;;;;;;;;;;;;;;;;;;;;;;;;;;;;;;;;;;;;;;;;;;;;;;;;;;;;;;;;;;;;;;;;;;;;;;;;;;;;;;;;;;;;;;;;;;;;;;;;;;;;;;;;;;;;;;;;;;;;;;;;;;;;;;;;;;;;;;;;;;;;;;;;;;;;;;;;;;;;;;;;;;;;;;;;;;;;;;;;;;;;;;;;;;;;;;;;;;;;;;;;;;;;;;;;;;;;;;;;;;;;;;;;;;;;;;;;;;;;;;;;;;;;;;;;;;;;;;;;;;;;;;;;;;;;;;;;;;;;;;;;;;;;;;;;;;;;;;;;;;;;;;;;;;;;;;;;;;;;;;;;;;;;;;;;;;;;;;;;;;;;;;;;;;;;;;;;;;;;;;;;;;;;;;;;;;;;;;;;;;;;;;;;;;;;;;;;;;;;;;;;;;;;;;;;;;;;;;;;;;;;;;;;;;;;;;;;;;;;;;;;;;;;;;;;;;;;;;;;;;;;;;;;;;;;;;;;;;;;;;;;;;;;;;;;;;;;;;;;;;;;;;;;;;;;;;;;;;;;;;;;;;;;;;;;;;;;;;;;;;;;;;;;;;;;;;;;;;;;;;;;;;;;;;;;;;;;;;;;;;;;;;;;;;;;;;;;;;;;;;;;;;;;;;;;;
;Employment by sector of economic activity - Female (NACE Rev.1.1) (1992-2008);;;;;;;;;;;;;;;;;;;;;;;;;;;;;;;;;;;;;;;;;;;;;;;;;;;;;;;;;;;;;;;;;;;;;;;;;;;;;;;;;;;;;;;;;;;;;;;;;;;;;;;;;;;;;;;;;;;;;;;;;;;;;;;;;;;;;;;;;;;;;;;;;;;;;;;;;;;;;;;;;;;;;;;;;;;;;;;;;;;;;;;;;;;;;;;;;;;;;;;;;;;;;;;;;;;;;;;;;;;;;;;;;;;;;;;;;;;;;;;;;;;;;;;;;;;;;;;;;;;;;;;;;;;;;;;;;;;;;;;;;;;;;;;;;;;;;;;;;;;;;;;;;;;;;;;;;;;;;;;;;;;;;;;;;;;;;;;;;;;;;;;;;;;;;;;;;;;;;;;;;;;;;;;;;;;;;;;;;;;;;;;;;;;;;;;;;;;;;;;;;;;;;;;;;;;;;;;;;;;;;;;;;;;;;;;;;;;;;;;;;;;;;;;;;;;;;;;;;;;;;;;;;;;;;;;;;;;;;;;;;;;;;;;;;;;;;;;;;;;;;;;;;;;;;;;;;;;;;;;;;;;;;;;;;;;;;;;;;;;;;;;;;;;;;;;;;;;;;;;;;;;;;;;;;;;;;;;;;;;;;;;;;;;;;;;;;;;;;;;;;;;;;;;;;;;;;;;;;;;;;;;;;;;;;;;;;;;;;;;;;;;;;
;;;;;;;;;;;;;;;;;;;;;;;;;;;;;;;;;;;;;;;;;;;;;;;;;;;;;;;;;;;;;;;;;;;;;;;;;;;;;;;;;;;;;;;;;;;;;;;;;;;;;;;;;;;;;;;;;;;;;;;;;;;;;;;;;;;;;;;;;;;;;;;;;;;;;;;;;;;;;;;;;;;;;;;;;;;;;;;;;;;;;;;;;;;;;;;;;;;;;;;;;;;;;;;;;;;;;;;;;;;;;;;;;;;;;;;;;;;;;;;;;;;;;;;;;;;;;;;;;;;;;;;;;;;;;;;;;;;;;;;;;;;;;;;;;;;;;;;;;;;;;;;;;;;;;;;;;;;;;;;;;;;;;;;;;;;;;;;;;;;;;;;;;;;;;;;;;;;;;;;;;;;;;;;;;;;;;;;;;;;;;;;;;;;;;;;;;;;;;;;;;;;;;;;;;;;;;;;;;;;;;;;;;;;;;;;;;;;;;;;;;;;;;;;;;;;;;;;;;;;;;;;;;;;;;;;;;;;;;;;;;;;;;;;;;;;;;;;;;;;;;;;;;;;;;;;;;;;;;;;;;;;;;;;;;;;;;;;;;;;;;;;;;;;;;;;;;;;;;;;;;;;;;;;;;;;;;;;;;;;;;;;;;;;;;;;;;;;;;;;;;;;;;;;;;;;;;;;;;;;;;;;;;;;;;;;;;;;;;;;;;;;;;;
;Individual - Thousands;;;;;;;;;;;;;;;;;;;;;;;;;;;;;;;;;;;;;;;;;;;;;;;;;;;;;;;;;;;;;;;;;;;;;;;;;;;;;;;;;;;;;;;;;;;;;;;;;;;;;;;;;;;;;;;;;;;;;;;;;;;;;;;;;;;;;;;;;;;;;;;;;;;;;;;;;;;;;;;;;;;;;;;;;;;;;;;;;;;;;;;;;;;;;;;;;;;;;;;;;;;;;;;;;;;;;;;;;;;;;;;;;;;;;;;;;;;;;;;;;;;;;;;;;;;;;;;;;;;;;;;;;;;;;;;;;;;;;;;;;;;;;;;;;;;;;;;;;;;;;;;;;;;;;;;;;;;;;;;;;;;;;;;;;;;;;;;;;;;;;;;;;;;;;;;;;;;;;;;;;;;;;;;;;;;;;;;;;;;;;;;;;;;;;;;;;;;;;;;;;;;;;;;;;;;;;;;;;;;;;;;;;;;;;;;;;;;;;;;;;;;;;;;;;;;;;;;;;;;;;;;;;;;;;;;;;;;;;;;;;;;;;;;;;;;;;;;;;;;;;;;;;;;;;;;;;;;;;;;;;;;;;;;;;;;;;;;;;;;;;;;;;;;;;;;;;;;;;;;;;;;;;;;;;;;;;;;;;;;;;;;;;;;;;;;;;;;;;;;;;;;;;;;;;;;;;;;;;;;;;;;;;;;;;;;;;;;;;;;;;;;;;
Years;Sectors of economic activity;;;;;;;;;;;;;;;;;;;;;;;;;;;;;;;;;;;;;;;;;;;;;;;;;;;;;;;;;;;;;;;;;;;;;;;;;;;;;;;;;;;;;;;;;;;;;;;;;;;;;;;;;;;;;;;;;;;;;;;;;;;;;;;;;;;;;;;;;;;;;;;;;;;;;;;;;;;;;;;;;;;;;;;;;;;;;;;;;;;;;;;;;;;;;;;;;;;;;;;;;;;;;;;;;;;;;;;;;;;;;;;;;;;;;;;;;;;;;;;;;;;;;;;;;;;;;;;;;;;;;;;;;;;;;;;;;;;;;;;;;;;;;;;;;;;;;;;;;;;;;;;;;;;;;;;;;;;;;;;;;;;;;;;;;;;;;;;;;;;;;;;;;;;;;;;;;;;;;;;;;;;;;;;;;;;;;;;;;;;;;;;;;;;;;;;;;;;;;;;;;;;;;;;;;;;;;;;;;;;;;;;;;;;;;;;;;;;;;;;;;;;;;;;;;;;;;;;;;;;;;;;;;;;;;;;;;;;;;;;;;;;;;;;;;;;;;;;;;;;;;;;;;;;;;;;;;;;;;;;;;;;;;;;;;;;;;;;;;;;;;;;;;;;;;;;;;;;;;;;;;;;;;;;;;;;;;;;;;;;;;;;;;;;;;;;;;;;;;;;;;;;;;;;;;;;;;;;;;;;;;;;;;;;;;;;;;;;;;;;;;;;;;
;Total;;;;;;;;;;;;;;;;;;;;;;;;;;;;;;;;;;Agriculture, hunting and forestry;;;;;;;;;;;;;;;;;;;;;;;;;;;;;;;;;;Fishing;;;;;;;;;;;;;;;;;;;;;;;;;;;;;;;;;;Mining and quarrying;;;;;;;;;;;;;;;;;;;;;;;;;;;;;;;;;;Manufacturing;;;;;;;;;;;;;;;;;;;;;;;;;;;;;;;;;;Electricity, gas and water supply;;;;;;;;;;;;;;;;;;;;;;;;;;;;;;;;;;Construction;;;;;;;;;;;;;;;;;;;;;;;;;;;;;;;;;;Wholesale and retail trade, ...;;;;;;;;;;;;;;;;;;;;;;;;;;;;;;;;;;Hotels and restaurants;;;;;;;;;;;;;;;;;;;;;;;;;;;;;;;;;;Transport, storage and communications;;;;;;;;;;;;;;;;;;;;;;;;;;;;;;;;;;Financial intermediation;;;;;;;;;;;;;;;;;;;;;;;;;;;;;;;;;;Real estate, renting and business activities;;;;;;;;;;;;;;;;;;;;;;;;;;;;;;;;;;Public administration and defence, compulsory social security;;;;;;;;;;;;;;;;;;;;;;;;;;;;;;;;;;Education;;;;;;;;;;;;;;;;;;;;;;;;;;;;;;;;;;Health and social work;;;;;;;;;;;;;;;;;;;;;;;;;;;;;;;;;;Other community, social and personal services activities;;;;;;;;;;;;;;;;;;;;;;;;;;;;;;;;;;Activities of households as employers, É;;;;;;;;;;;;;;;;;;;;;;;;;;;;;;;;;;Extraterritorial organisations and bodies;;;;;;;;;;;;;;;;;;;;;;;;;;;;;;;;;;Unknown;;;;;;;;;;;;;;;;;;;;;;;;;;;;;;;;;
;EU27 (2020) - European Union 27 (since 2020);EU28 - European Union (28 countries);EA19 - Euro Area (19 countries);DE - Germany;AT - Austria;BE - Belgium;BG - Bulgaria;CY - Cyprus;HR - Croatia;DK - Denmark;SK - Slovakia;SI - Slovenia;ES - Spain;EE - Estonia;FI - Finland;FR - France;GR - Greece;HU - Hungary;IE - Ireland;IT - Italy;LV - Latvia;LT - Lithuania;LU - Luxembourg;MT - Malta;NL - Netherlands;PL - Poland;PT - Portugal;CZ - Czech Republic;RO - Romania;SE - Sweden;IS - Iceland;NO - Norway;UK - United Kingdom;CH - Switzerland;EU27 (2020) - European Union 27 (since 2020);EU28 - European Union (28 countries);EA19 - Euro Area (19 countries);DE - Germany;AT - Austria;BE - Belgium;BG - Bulgaria;CY - Cyprus;HR - Croatia;DK - Denmark;SK - Slovakia;SI - Slovenia;ES - Spain;EE - Estonia;FI - Finland;FR - France;GR - Greece;HU - Hungary;IE - Ireland;IT - Italy;LV - Latvia;LT - Lithuania;LU - Luxembourg;MT - Malta;NL - Netherlands;PL - Poland;PT - Portugal;CZ - Czech Republic;RO - Romania;SE - Sweden;IS - Iceland;NO - Norway;UK - United Kingdom;CH - Switzerland;EU27 (2020) - European Union 27 (since 2020);EU28 - European Union (28 countries);EA19 - Euro Area (19 countries);DE - Germany;AT - Austria;BE - Belgium;BG - Bulgaria;CY - Cyprus;HR - Croatia;DK - Denmark;SK - Slovakia;SI - Slovenia;ES - Spain;EE - Estonia;FI - Finland;FR - France;GR - Greece;HU - Hungary;IE - Ireland;IT - Italy;LV - Latvia;LT - Lithuania;LU - Luxembourg;MT - Malta;NL - Netherlands;PL - Poland;PT - Portugal;CZ - Czech Republic;RO - Romania;SE - Sweden;IS - Iceland;NO - Norway;UK - United Kingdom;CH - Switzerland;EU27 (2020) - European Union 27 (since 2020);EU28 - European Union (28 countries);EA19 - Euro Area (19 countries);DE - Germany;AT - Austria;BE - Belgium;BG - Bulgaria;CY - Cyprus;HR - Croatia;DK - Denmark;SK - Slovakia;SI - Slovenia;ES - Spain;EE - Estonia;FI - Finland;FR - France;GR - Greece;HU - Hungary;IE - Ireland;IT - Italy;LV - Latvia;LT - Lithuania;LU - Luxembourg;MT - Malta;NL - Netherlands;PL - Poland;PT - Portugal;CZ - Czech Republic;RO - Romania;SE - Sweden;IS - Iceland;NO - Norway;UK - United Kingdom;CH - Switzerland;EU27 (2020) - European Union 27 (since 2020);EU28 - European Union (28 countries);EA19 - Euro Area (19 countries);DE - Germany;AT - Austria;BE - Belgium;BG - Bulgaria;CY - Cyprus;HR - Croatia;DK - Denmark;SK - Slovakia;SI - Slovenia;ES - Spain;EE - Estonia;FI - Finland;FR - France;GR - Greece;HU - Hungary;IE - Ireland;IT - Italy;LV - Latvia;LT - Lithuania;LU - Luxembourg;MT - Malta;NL - Netherlands;PL - Poland;PT - Portugal;CZ - Czech Republic;RO - Romania;SE - Sweden;IS - Iceland;NO - Norway;UK - United Kingdom;CH - Switzerland;EU27 (2020) - European Union 27 (since 2020);EU28 - European Union (28 countries);EA19 - Euro Area (19 countries);DE - Germany;AT - Austria;BE - Belgium;BG - Bulgaria;CY - Cyprus;HR - Croatia;DK - Denmark;SK - Slovakia;SI - Slovenia;ES - Spain;EE - Estonia;FI - Finland;FR - France;GR - Greece;HU - Hungary;IE - Ireland;IT - Italy;LV - Latvia;LT - Lithuania;LU - Luxembourg;MT - Malta;NL - Netherlands;PL - Poland;PT - Portugal;CZ - Czech Republic;RO - Romania;SE - Sweden;IS - Iceland;NO - Norway;UK - United Kingdom;CH - Switzerland;EU27 (2020) - European Union 27 (since 2020);EU28 - European Union (28 countries);EA19 - Euro Area (19 countries);DE - Germany;AT - Austria;BE - Belgium;BG - Bulgaria;CY - Cyprus;HR - Croatia;DK - Denmark;SK - Slovakia;SI - Slovenia;ES - Spain;EE - Estonia;FI - Finland;FR - France;GR - Greece;HU - Hungary;IE - Ireland;IT - Italy;LV - Latvia;LT - Lithuania;LU - Luxembourg;MT - Malta;NL - Netherlands;PL - Poland;PT - Portugal;CZ - Czech Republic;RO - Romania;SE - Sweden;IS - Iceland;NO - Norway;UK - United Kingdom;CH - Switzerland;EU27 (2020) - European Union 27 (since 2020);EU28 - European Union (28 countries);EA19 - Euro Area (19 countries);DE - Germany;AT - Austria;BE - Belgium;BG - Bulgaria;CY - Cyprus;HR - Croatia;DK - Denmark;SK - Slovakia;SI - Slovenia;ES - Spain;EE - Estonia;FI - Finland;FR - France;GR - Greece;HU - Hungary;IE - Ireland;IT - Italy;LV - Latvia;LT - Lithuania;LU - Luxembourg;MT - Malta;NL - Netherlands;PL - Poland;PT - Portugal;CZ - Czech Republic;RO - Romania;SE - Sweden;IS - Iceland;NO - Norway;UK - United Kingdom;CH - Switzerland;EU27 (2020) - European Union 27 (since 2020);EU28 - European Union (28 countries);EA19 - Euro Area (19 countries);DE - Germany;AT - Austria;BE - Belgium;BG - Bulgaria;CY - Cyprus;HR - Croatia;DK - Denmark;SK - Slovakia;SI - Slovenia;ES - Spain;EE - Estonia;FI - Finland;FR - France;GR - Greece;HU - Hungary;IE - Ireland;IT - Italy;LV - Latvia;LT - Lithuania;LU - Luxembourg;MT - Malta;NL - Netherlands;PL - Poland;PT - Portugal;CZ - Czech Republic;RO - Romania;SE - Sweden;IS - Iceland;NO - Norway;UK - United Kingdom;CH - Switzerland;EU27 (2020) - European Union 27 (since 2020);EU28 - European Union (28 countries);EA19 - Euro Area (19 countries);DE - Germany;AT - Austria;BE - Belgium;BG - Bulgaria;CY - Cyprus;HR - Croatia;DK - Denmark;SK - Slovakia;SI - Slovenia;ES - Spain;EE - Estonia;FI - Finland;FR - France;GR - Greece;HU - Hungary;IE - Ireland;IT - Italy;LV - Latvia;LT - Lithuania;LU - Luxembourg;MT - Malta;NL - Netherlands;PL - Poland;PT - Portugal;CZ - Czech Republic;RO - Romania;SE - Sweden;IS - Iceland;NO - Norway;UK - United Kingdom;CH - Switzerland;EU27 (2020) - European Union 27 (since 2020);EU28 - European Union (28 countries);EA19 - Euro Area (19 countries);DE - Germany;AT - Austria;BE - Belgium;BG - Bulgaria;CY - Cyprus;HR - Croatia;DK - Denmark;SK - Slovakia;SI - Slovenia;ES - Spain;EE - Estonia;FI - Finland;FR - France;GR - Greece;HU - Hungary;IE - Ireland;IT - Italy;LV - Latvia;LT - Lithuania;LU - Luxembourg;MT - Malta;NL - Netherlands;PL - Poland;PT - Portugal;CZ - Czech Republic;RO - Romania;SE - Sweden;IS - Iceland;NO - Norway;UK - United Kingdom;CH - Switzerland;EU27 (2020) - European Union 27 (since 2020);EU28 - European Union (28 countries);EA19 - Euro Area (19 countries);DE - Germany;AT - Austria;BE - Belgium;BG - Bulgaria;CY - Cyprus;HR - Croatia;DK - Denmark;SK - Slovakia;SI - Slovenia;ES - Spain;EE - Estonia;FI - Finland;FR - France;GR - Greece;HU - Hungary;IE - Ireland;IT - Italy;LV - Latvia;LT - Lithuania;LU - Luxembourg;MT - Malta;NL - Netherlands;PL - Poland;PT - Portugal;CZ - Czech Republic;RO - Romania;SE - Sweden;IS - Iceland;NO - Norway;UK - United Kingdom;CH - Switzerland;EU27 (2020) - European Union 27 (since 2020);EU28 - European Union (28 countries);EA19 - Euro Area (19 countries);DE - Germany;AT - Austria;BE - Belgium;BG - Bulgaria;CY - Cyprus;HR - Croatia;DK - Denmark;SK - Slovakia;SI - Slovenia;ES - Spain;EE - Estonia;FI - Finland;FR - France;GR - Greece;HU - Hungary;IE - Ireland;IT - Italy;LV - Latvia;LT - Lithuania;LU - Luxembourg;MT - Malta;NL - Netherlands;PL - Poland;PT - Portugal;CZ - Czech Republic;RO - Romania;SE - Sweden;IS - Iceland;NO - Norway;UK - United Kingdom;CH - Switzerland;EU27 (2020) - European Union 27 (since 2020);EU28 - European Union (28 countries);EA19 - Euro Area (19 countries);DE - Germany;AT - Austria;BE - Belgium;BG - Bulgaria;CY - Cyprus;HR - Croatia;DK - Denmark;SK - Slovakia;SI - Slovenia;ES - Spain;EE - Estonia;FI - Finland;FR - France;GR - Greece;HU - Hungary;IE - Ireland;IT - Italy;LV - Latvia;LT - Lithuania;LU - Luxembourg;MT - Malta;NL - Netherlands;PL - Poland;PT - Portugal;CZ - Czech Republic;RO - Romania;SE - Sweden;IS - Iceland;NO - Norway;UK - United Kingdom;CH - Switzerland;EU27 (2020) - European Union 27 (since 2020);EU28 - European Union (28 countries);EA19 - Euro Area (19 countries);DE - Germany;AT - Austria;BE - Belgium;BG - Bulgaria;CY - Cyprus;HR - Croatia;DK - Denmark;SK - Slovakia;SI - Slovenia;ES - Spain;EE - Estonia;FI - Finland;FR - France;GR - Greece;HU - Hungary;IE - Ireland;IT - Italy;LV - Latvia;LT - Lithuania;LU - Luxembourg;MT - Malta;NL - Netherlands;PL - Poland;PT - Portugal;CZ - Czech Republic;RO - Romania;SE - Sweden;IS - Iceland;NO - Norway;UK - United Kingdom;CH - Switzerland;EU27 (2020) - European Union 27 (since 2020);EU28 - European Union (28 countries);EA19 - Euro Area (19 countries);DE - Germany;AT - Austria;BE - Belgium;BG - Bulgaria;CY - Cyprus;HR - Croatia;DK - Denmark;SK - Slovakia;SI - Slovenia;ES - Spain;EE - Estonia;FI - Finland;FR - France;GR - Greece;HU - Hungary;IE - Ireland;IT - Italy;LV - Latvia;LT - Lithuania;LU - Luxembourg;MT - Malta;NL - Netherlands;PL - Poland;PT - Portugal;CZ - Czech Republic;RO - Romania;SE - Sweden;IS - Iceland;NO - Norway;UK - United Kingdom;CH - Switzerland;EU27 (2020) - European Union 27 (since 2020);EU28 - European Union (28 countries);EA19 - Euro Area (19 countries);DE - Germany;AT - Austria;BE - Belgium;BG - Bulgaria;CY - Cyprus;HR - Croatia;DK - Denmark;SK - Slovakia;SI - Slovenia;ES - Spain;EE - Estonia;FI - Finland;FR - France;GR - Greece;HU - Hungary;IE - Ireland;IT - Italy;LV - Latvia;LT - Lithuania;LU - Luxembourg;MT - Malta;NL - Netherlands;PL - Poland;PT - Portugal;CZ - Czech Republic;RO - Romania;SE - Sweden;IS - Iceland;NO - Norway;UK - United Kingdom;CH - Switzerland;EU27 (2020) - European Union 27 (since 2020);EU28 - European Union (28 countries);EA19 - Euro Area (19 countries);DE - Germany;AT - Austria;BE - Belgium;BG - Bulgaria;CY - Cyprus;HR - Croatia;DK - Denmark;SK - Slovakia;SI - Slovenia;ES - Spain;EE - Estonia;FI - Finland;FR - France;GR - Greece;HU - Hungary;IE - Ireland;IT - Italy;LV - Latvia;LT - Lithuania;LU - Luxembourg;MT - Malta;NL - Netherlands;PL - Poland;PT - Portugal;CZ - Czech Republic;RO - Romania;SE - Sweden;IS - Iceland;NO - Norway;UK - United Kingdom;CH - Switzerland;EU27 (2020) - European Union 27 (since 2020);EU28 - European Union (28 countries);EA19 - Euro Area (19 countries);DE - Germany;AT - Austria;BE - Belgium;BG - Bulgaria;CY - Cyprus;HR - Croatia;DK - Denmark;SK - Slovakia;SI - Slovenia;ES - Spain;EE - Estonia;FI - Finland;FR - France;GR - Greece;HU - Hungary;IE - Ireland;IT - Italy;LV - Latvia;LT - Lithuania;LU - Luxembourg;MT - Malta;NL - Netherlands;PL - Poland;PT - Portugal;CZ - Czech Republic;RO - Romania;SE - Sweden;IS - Iceland;NO - Norway;UK - United Kingdom;CH - Switzerland
2000;x;x; 55 053,2; 15 901,0; 1 622,2; 1 742,2; 1 340,6; 122,1;x; 1 265,6; 958,1; 412,5; 5 665,7;_  291,7;_  1 123,0; 10 397,2; 1 520,2; 1 715,0; 678,8; 7 707,5; 456,8; 722,2; 71,2; 43,5; 3 367,2;_  6 542,6; 2 250,2; 2 052,4; 5 147,5; 1 975,9; 73,3; 1 062,8; 12 457,5; 1 706,5;x;x; 2 361,3; 334,1; 103,2; 20,8; 141,7; 5,7;x; 25,0; 41,3; 39,8; 262,1;_  12,7;_  43,8; 293,7; 297,1; 56,8; 14,6; 331,7; 58,9; 108,9;u 1,1;¤; 73,9;_  1 200,5; 317,6; 77,4; 2 468,0; 28,4; 2,5; 23,0; 95,6; 65,9;x;x;u 23,8;¤;,,,;x;,,,;x;x;x;,,,;x; 8,7;_ ,,,;_ ,,,;¤;¤;,,,;¤;u 3,8;¤;,,,;x;x;,,,;_ ¤;¤;,,,;x;x;¤;u 1,6;,,,;x;x;x; 48,4; 13,0;¤;,,,;u 7,7;x;x;x;u 2,7;u 1,0;u 5,2;_ ¤;_ ¤;¤;¤;u 4,3;¤; 8,1;,,,;¤;x;x;u 1,9;_  46,9;¤; 10,1; 23,2;¤;x; 6,7;u 13,7;,,,;x;x; 8 026,8; 2 453,9; 198,0; 182,0; 317,9; 13,6;x; 156,3; 219,8; 108,8; 717,6;_  57,2;_  144,4; 1 277,8; 170,6; 382,5; 94,0; 1 455,8; 74,8; 128,0; 3,4; 9,8; 240,3;_  1 040,9; 477,1; 496,9; 924,8; 193,3; 6,8; 76,4; 1 231,6; 166,6;x;x; 202,0; 55,2;u 4,4;u 5,7; 15,4;u 0,5;x;,,,; 7,6;u 1,9; 14,1;_ ¤;_  5,2; 37,8; 8,3; 17,9;¤; 24,1; 6,0; 13,8;¤;¤; 8,3;_  45,4;¤; 17,2; 46,2; 10,0;¤;u 3,4; 54,4;u 3,7;x;x; 881,6; 390,4; 27,9; 14,5; 23,4; 1,9;x; 13,0; 14,1;u 4,8; 83,6;_ ¤;_  9,7; 143,7; 5,4; 20,3; 7,1; 94,7;u 4,2;u 7,4;u 1,0;¤; 43,0;_  101,2; 25,0; 34,7; 54,0; 21,3;¤; 13,2; 188,8; 33,1;x;x; 8 964,3; 2 777,4; 320,3; 283,5; 202,8; 21,5;x; 172,6; 152,5; 62,1; 1 102,8;_  46,9;_  137,0; 1 362,9; 261,3; 280,9; 109,6; 1 262,1; 81,9; 109,8; 10,6; 7,0; 532,6;_  1 076,3; 322,6; 324,0; 507,4; 230,5; 11,1; 157,7; 2 127,4; 279,2;x;x; 2 787,6; 710,2; 139,5; 71,3; 83,0; 14,0;x; 40,5; 39,2; 19,7; 467,4;_  14,4;_  56,3; 360,0; 115,0; 74,0; 64,3; 360,3; 16,1; 17,9; 3,9; 3,4; 157,6;_  170,0; 157,2; 92,0; 72,3; 62,2; 3,4; 48,4; 669,7; 73,8;x;x; 1 963,1; 571,5; 57,8; 68,1; 58,1; 5,6;x; 52,6; 53,3; 13,6; 184,1;_  16,9;_  49,1; 432,7; 42,4; 84,9; 25,3; 232,3; 24,2; 33,7; 2,9;u 1,7; 110,6;_  230,5; 37,5; 118,7; 113,7; 79,4; 4,5; 50,5; 478,2; 74,4;x;x; 1 957,4; 683,7; 66,4; 64,5; 21,4; 9,3;x; 49,0; 24,0; 14,6; 150,7;_ u 5,7;_  35,3; 384,9; 51,3; 55,2; 39,1; 250,2; 7,0;u 8,0; 8,0;u 2,7; 115,9;_  255,6; 36,2; 64,3; 64,7; 48,0; 3,7; 24,9; 626,1; 77,3;x;x; 4 679,9; 1 390,1; 132,1; 155,5; 46,4; 9,7;x; 92,4; 34,2; 18,4; 535,2;_  18,7;_  96,8; 992,6; 88,1; 93,4; 64,8; 619,3; 21,2; 20,0; 5,9;u 1,9; 367,9;_  220,6; 107,5; 118,0; 58,6; 186,4; 4,9; 79,5; 1 263,3; 132,1;x;x; 4 279,5; 1 295,1; 92,7; 173,1; 71,5; 8,2;x; 79,7; 81,6; 26,5; 369,6;_  18,7;_  59,9; 1 022,8; 96,7; 126,2; 32,0; 636,2; 30,9; 31,7; 6,8;u 2,9; 175,8;_  353,4; 118,2; 144,0; 137,7; 104,5; 3,4; 68,9; 774,0; 89,5;x;x; 5 622,8; 1 253,1; 152,4; 230,8; 169,0; 12,2;x; 101,8; 126,1; 44,9; 522,0;_  40,3;_  108,3; 1 149,6; 152,0; 243,7; 69,0; 1 077,9; 65,8; 129,4; 7,0; 6,6; 261,3;_  760,0; 214,1; 230,7; 314,5; 214,9; 7,0; 121,0; 1 579,6; 164,3;x;x; 8 431,8; 2 769,9; 220,5; 373,6; 128,1; 7,8;x; 401,8; 119,9; 37,0; 571,5;_  27,0;_  292,7; 1 839,1; 122,5; 187,1; 105,6; 755,9; 41,4; 81,0; 10,6; 4,5; 848,3;_  769,0; 203,0; 232,6; 255,2; 666,1; 18,2; 333,0; 2 434,6; 330,9;x;x; 3 077,4; 1 065,4; 92,5; 73,4; 46,8; 6,0;x; 72,8; 38,0; 17,4; 291,2;_  23,8;_  77,2; 549,5; 57,3; 85,9; 37,8; 438,1; 22,1; 28,1; 2,7;u 1,6; 178,7;_  262,4; 76,6; 86,8; 93,2; 127,4; 6,3; 49,0; 789,2; 99,7;x;x; 1 428,1; 123,0; 10,7; 12,6;¤; 5,4;x;¤;u 3,1;,,,; 379,7;x;_ u 3,7; 523,7; 49,6;¤; 6,8; 148,4;¤;¤; 3,6;x;u 3,0;_ u 7,4; 151,8;u 1,9;u 13,9;,,,;x;u 4,6; 94,4; 44,8;x;x; 60,9; 13,2;¤; 11,8;,,,;u 0,8;x;,,,;,,,;x;,,,;_ ,,,;_ ¤;u 12,2;x;,,,; 6,0; 8,7;x;x; 3,4;,,,;x;x;¤;u 0,9;x;x;¤;,,,;¤;u 7,3;x;x; 256,3;x;x;x;u 6,1;x;x;¤;,,,;u 1,8;x;x;_ u 2,2;¤;x;x;x;x;x;x;,,,;x; 247,8;x;x;u 1,7;x;,,,;,,,;¤; 29,4; 63,5
2001;x;x; 56 381,8; 16 151,6; 1 633,9;_  1 700,4;_  1 315,1; 133,3;x; 1 260,2;_  977,9; 416,9;_  5 946,4; 283,3; 1 147,0; 10 635,2;_  1 563,0;_  1 747,9; 702,8; 8 015,1; 465,7; 700,0; 74,1; 43,8; 3 494,7;_  6 470,0; 2 296,5; 2 054,0; 5 095,1;_  2 072,7; 73,2; 1 067,1; 12 605,3; 1 748,4;x;x; 2 336,5; 333,1; 102,6;_  16,1;_  93,5; 5,3;x; 21,5;_  37,1; 40,1;_  258,3;u 8,4; 42,8; 298,6;_  271,3;_  59,9; 12,9; 346,9; 57,2; 91,4;u 0,8;,,,; 79,2;_  1 257,7; 334,3; 68,9; 2 416,9;_  25,3; 2,0; 21,2; 84,1; 58,9;x;x;u 21,0;¤;,,,;x;_ ,,,;x;x;x;x;x;_  9,6;x;¤;¤;_ ¤;_ ,,,;¤;¤;¤;x;x;x;x;_ ,,,;¤;¤;x;x;¤;u 1,8;¤;x;x;x; 49,7; 11,2;¤;_ ,,,;_ u 8,6;x;x;x;_ u 3,4;¤;_ u 5,3;¤;¤;¤;_ ¤;_ ¤;¤; 12,0;¤;¤;x;x;¤;_  37,7;¤; 13,0; 19,9;_ ¤;x; 7,0;u 11,0;,,,;x;x; 8 104,4; 2 441,2; 190,8;_  172,2;_  333,2; 14,2;x; 163,6;_  216,8; 111,8;_  749,9; 64,9; 143,4; 1 291,1;_  170,7;_  404,6; 92,6; 1 501,2; 74,4; 131,1; 3,3; 9,4; 242,8;_  1 032,8; 482,7; 505,9; 943,5;_  204,2; 7,2; 75,7; 1 171,9; 175,7;x;x; 197,9; 56,2;u 4,4;_ u 5,5;_  15,9;u 0,6;x;¤;_  8,3;u 1,2;_  12,8;¤; 5,6; 47,2;_  5,4;_  19,1;¤; 24,1;¤;u 7,6;¤;¤; 5,4;_  57,8;¤; 22,2; 51,8;_  7,7;¤;u 3,4; 51,7;u 4,0;x;x; 888,5; 384,5; 30,4;_  22,2;_  21,2; 1,9;x; 15,2;_  13,7;u 6,0;_  88,4;¤; 8,4; 140,2;_  5,6;_  21,0; 7,9; 101,1;¤;u 7,0;u 1,5;¤; 40,7;_  72,8; 20,6; 42,1; 48,5;_  18,5;¤; 12,5; 199,8; 34,5;x;x; 9 165,8; 2 826,8; 326,4;_  278,8;_  209,1; 24,6;x; 154,7;_  146,3; 56,9;_  1 147,4; 42,8; 138,6; 1 394,6;_  282,0;_  278,1; 116,8; 1 305,8; 83,8; 97,5; 12,9; 6,3; 543,6;_  1 062,3; 333,8; 322,2; 497,0;_  232,0; 10,1; 156,4; 2 100,3; 297,5;x;x; 2 874,7; 695,3; 127,0;_  65,0;_  71,6; 14,5;x; 36,7;_  43,6; 21,6;_  488,3; 15,1; 58,8; 389,4;_  129,3;_  74,2; 60,7; 410,0;u 18,0; 21,0; 4,4; 4,6; 149,9;_  174,1; 157,8; 89,3; 87,2;_  68,3; 3,7; 48,8; 671,4; 86,5;x;x; 2 032,7; 582,5; 59,9;_  60,5;_  63,2; 6,3;x; 58,0;_  50,0; 13,7;_  200,3; 20,3; 46,3; 459,5;_  43,0;_  86,2; 29,4; 237,0; 23,5; 26,3; 2,9;u 2,8; 125,2;_  230,5; 43,3; 108,4; 123,9;_  85,8; 4,4; 54,3; 494,8; 78,6;x;x; 1 998,9; 699,0; 65,8;_  73,2;_  23,8; 11,0;x; 44,5;_  28,9; 15,2;_  153,1;¤; 34,5; 386,4;_  54,4;_  52,8; 38,8; 252,4;¤;u 6,1; 7,6; 3,3; 124,6;_  230,4; 33,2; 57,7; 55,7;_  50,6; 4,6; 22,4; 635,3; 83,5;x;x; 4 908,9; 1 448,5; 147,1;_  148,9;_  50,0; 8,3;x; 110,8;_  42,3; 19,8;_  594,9; 16,5; 106,0; 1 019,7;_  103,7;_  100,1; 67,7; 657,6;u 17,9; 20,4; 5,9;u 2,0; 373,0;_  246,2; 108,4; 110,3; 47,0;_  215,7; 5,4; 83,2; 1 320,7; 155,9;x;x; 4 333,2; 1 296,8; 94,8;_  164,4;_  80,5; 8,3;x; 70,5;_  82,2; 25,0;_  354,8; 15,2; 57,9; 1 038,0;_  102,3;_  126,7; 35,3; 670,2; 29,1; 34,6; 6,6;u 2,2; 196,4;_  349,4; 119,1; 139,9; 133,1;_  122,0; 2,9; 66,1; 890,7; 78,3;x;x; 5 848,9; 1 299,1; 152,8;_  242,6;_  165,5; 14,0;x; 115,4;_  137,2; 47,1;_  560,5; 41,7; 111,6; 1 171,2;_  163,2;_  246,3; 71,2; 1 125,0; 70,7; 124,1; 7,3; 6,2; 274,6;_  719,7; 229,1; 231,5; 312,1;_  231,7; 7,8; 117,8; 1 609,7; 179,1;x;x; 8 661,1; 2 826,0; 229,0;_  351,9;_  124,1; 8,4;x; 398,6;_  119,9; 36,4;_  603,0; 28,8; 309,8; 1 885,2;_  123,1;_  185,8; 116,3; 774,4; 39,9; 92,3; 11,8; 4,3; 896,1;_  771,7; 204,3; 239,7; 263,8;_  680,8; 18,7; 341,9; 2 474,8; 338,1;x;x; 3 199,0; 1 111,2; 86,3;_  76,2;_  51,6; 6,7;x; 64,8;_  43,8; 16,6;_  309,9; 18,5; 74,4; 553,5;_  58,6;_  88,6; 38,8; 442,1; 31,4; 38,0; 3,1;u 1,8; 208,2;_  217,1; 79,8; 101,0; 85,5;_  125,1; 4,8; 52,0; 774,6; 119,9;x;x; 1 459,5; 126,9; 11,5;_  10,2;_ ¤; 8,3;x;¤;_ u 4,1;¤;_  409,1;,,,; 4,4; 537,6;_  48,2;_ ¤; 6,5; 138,9;¤;¤; 2,9;,,,;u 2,5;_ u 9,2; 143,2;¤;u 9,2;_ ¤;x;u 1,9; 79,9; 46,9;x;x; 61,1; 12,2;¤;_  11,7;_ ,,,;u 0,8;x;x;_ ,,,;x;_ ,,,;x;,,,;¤;x;_ ¤; 4,8; 13,2;x;x; 2,7;,,,;x;x;¤;,,,;x;_ ¤;¤;x;¤;¤;x;x; 240,2;x;x;x;_ ¤;x;x;¤;_ ,,,;u 3,8;x;x;u 3,1;¤;x;x;x;x;x;x;¤;x; 231,5;x;x;,,,;x;_ ¤;,,,;,,,; 26,1;u 8,0
2002;x; 90 216,6; 57 439,0; 16 165,6; 1 658,5; 1 721,2; 1 331,4; 138,6; 674,9; 1 282,4; 966,0; 422,8; 6 364,6; 292,0; 1 161,7; 10 821,6; 1 601,9; 1 756,7; 736,1; 8 199,1;_  472,5;_  697,6; 75,4; 46,2; 3 556,3; 6 306,9;_  2 341,3; 2 068,3;_  4 525,8; 2 081,5; 73,4; 1 083,1; 12 749,7; 1 790,0;x; 5 764,0; 2 277,0; 316,7; 100,5; 18,3; 108,2; 5,9; 102,4; 20,9; 41,6; 40,6; 246,6; 11,7; 42,7; 298,9; 270,3; 64,8; 12,4; 320,6;_  55,3;_  104,2;u 0,8;,,,; 64,9; 1 194,9;_  325,0; 71,3;_  1 813,1; 25,6; 2,0; 19,8; 85,6; 58,9;x; 28,5;u 20,4;¤;,,,;,,,;,,,;x;,,,;x;x;x;u 6,9;,,,;¤;¤;¤;,,,;¤;¤;_ ¤;x;x;x;,,,;¤;_ ¤;,,,;_ ,,,;x;¤;u 1,5;¤;,,,;x; 128,2; 47,0; 13,3;¤;,,,;u 7,9;x;¤;,,,;¤;,,,;u 3,7;,,,;,,,;¤;¤;¤;¤; 13,8;_ ,,,;_ ,,,;x;,,,;u 1,6; 31,8;_ ¤; 9,1;_  16,0;¤;,,,; 5,6;u 12,4;¤;x; 12 764,4; 8 028,0; 2 410,9; 182,8; 190,3; 339,5; 14,3; 122,9; 140,2; 232,4; 113,6; 787,1; 60,8; 140,6; 1 246,2; 167,6; 394,1; 87,7; 1 501,1;_  60,3;_  123,6; 3,6; 9,6; 235,6; 927,2;_  460,2; 508,9;_  998,4; 188,6; 6,7; 75,7; 1 116,5; 168,5;x; 442,0; 204,0; 64,0;¤;¤; 16,4;¤;u 5,0;¤; 7,6;u 1,5; 17,8;¤; 5,2; 43,5; 5,1; 17,0;¤; 23,8;_ ¤;_ ¤;¤;¤; 7,3; 64,2;_ ¤; 21,7;_  51,4; 6,6;¤;u 2,5; 54,3; 6,4;x; 1 332,3; 910,7; 362,6; 30,1; 20,4; 19,4; 2,1;u 9,6; 15,1; 12,1;u 5,1; 104,5;¤; 12,6; 149,8; 5,7; 19,2; 9,0; 110,1;_ ¤;_ u 8,1;u 1,1;¤; 40,9; 69,1;_  27,6; 36,4;_  39,9; 18,4;¤; 12,0; 194,6; 31,0;x; 14 104,5; 9 161,7; 2 788,1; 327,6; 284,6; 210,3; 25,6; 103,7; 163,2; 151,6; 62,3; 1 156,1; 47,9; 139,7; 1 401,6; 290,8; 291,9; 120,9; 1 294,1;_  84,2;_  106,7; 11,1; 6,3; 528,4; 1 043,1;_  333,9; 332,5;_  467,1; 233,1; 10,3; 160,7; 2 098,0; 310,0;x; 4 388,6; 2 998,6; 704,8; 128,7; 68,3; 80,8; 14,6; 46,0; 33,7; 39,7; 22,6; 562,6; 15,9; 63,8; 381,2; 135,4; 78,6; 59,5; 435,4;_  18,4;_ u 20,4; 4,1; 5,0; 153,4; 180,2;_  164,5; 94,6;_  74,1; 62,8; 2,7; 44,4; 739,1; 88,8;x; 3 320,8; 2 082,1; 600,0; 61,0; 57,3; 60,6; 5,5; 22,9; 54,2; 44,9; 12,5; 216,7; 19,2; 48,7; 471,3; 41,5; 85,6; 29,1; 255,6;_  24,6;_  23,4; 2,2;u 2,0; 122,4; 221,2;_  44,1; 108,4;_  114,1; 85,5; 4,0; 47,0; 486,2; 74,7;x; 3 176,6; 2 003,3; 686,9; 69,2; 72,4; 23,7; 10,4; 25,9; 42,9; 24,9; 13,7; 169,6;u 6,0; 32,0; 388,8; 48,8; 53,1; 41,5; 250,5;_ u 7,7;_ u 8,5; 9,4;u 2,5; 122,0; 225,2;_  38,5; 55,1;_  46,8; 51,1; 4,0; 24,3; 649,6; 93,6;x; 7 487,6; 5 201,2; 1 456,0; 153,5; 141,4; 45,8; 9,7; 28,1; 107,1; 41,7; 20,0; 661,4; 19,3; 114,4; 1 093,3; 115,6; 104,1; 73,1; 755,7;_  19,7;_  26,3; 8,2;u 1,9; 369,7; 263,7;_  120,4; 121,9;_  64,8; 223,3; 5,7; 84,1; 1 327,8; 159,4;x; 6 501,6; 4 425,0; 1 284,2; 97,4; 171,4; 81,1; 8,9; 43,0; 84,6; 79,4; 25,4; 368,8; 15,9; 61,4; 1 093,4; 105,2; 123,9; 41,5; 661,5;_  38,6;_  38,8; 5,8;u 2,8; 204,5; 400,5;_  119,9; 139,8;_  140,4; 131,6; 3,3; 65,9; 931,7; 81,2;x; 9 703,0; 5 972,5; 1 324,1; 157,3; 226,8; 160,9; 13,8; 67,8; 125,6; 127,8; 46,5; 611,2; 44,2; 104,7; 1 199,2; 170,3; 248,9; 77,0; 1 161,1;_  62,5;_  110,5; 7,8; 8,1; 279,8; 693,7;_  239,5; 235,8;_  313,7; 238,8; 8,6; 122,7; 1 645,3; 171,8;x; 14 165,5; 8 877,5; 2 875,8; 243,7; 367,2; 125,6; 8,9; 65,9; 416,5; 113,2; 38,7; 676,7; 27,1; 305,6; 1 909,7; 122,4; 185,9; 127,6; 792,3;_  54,7;_  84,7; 11,2; 5,8; 901,9; 758,5;_  210,2; 234,2;_  295,9; 691,0; 18,7; 363,9; 2 514,6; 344,9;x; 4 821,2; 3 296,0; 1 134,1; 87,5; 87,0; 47,9; 7,5; 25,8; 67,7; 40,4; 16,9; 317,2; 17,7; 82,2; 588,9; 69,8; 85,2; 43,4; 463,5;_  28,7;_  35,5; 3,6;¤; 172,0; 218,4;_  98,6; 94,0;_  81,5; 121,1; 5,3; 49,5; 783,7; 126,1;x; 1 643,9; 1 533,5; 132,2; 13,1;u 7,6;¤; 10,1;u 4,5;u 4,1; 7,2;,,,; 456,6;,,,; 4,1; 533,4; 50,5;¤; 5,6; 151,2;_ ¤;_ ¤; 2,9;,,,;u 2,8;u 9,0;_  151,2;u 2,8;_ u 7,9;,,,;x;u 2,3; 78,0; 48,1;x; 57,9; 45,5; 10,8;¤;¤;,,,;u 0,8;x;,,,;,,,;x;,,,;x;,,,;¤;,,,;¤; 5,0;u 7,1;x;x; 3,2;,,,;¤;,,,;_ ,,,;,,,;_ ,,,;,,,;¤;x;¤;u 5,6;x; 385,8; 355,2;x;x;x;¤;x;,,,;¤;x;u 2,9;x;x;u 2,6;¤;x;x;x;x;x;x;,,,;x; 348,0;x;x;u 1,3;x;¤;x;¤; 21,4; 19,8
2003;x; 91 284,1; 58 701,3; 16 146,0; 1 684,1; 1 741,7;_  1 350,1; 145,5;_  679,8; 1 251,2;_  989,0; 408,5; 6 726,6; 292,5; 1 160,3;_  11 371,8; 1 653,5; 1 793,4; 752,4; 8 388,8; 471,1; 730,7;_  75,9; 45,2; 3 581,5;_  6 238,1; 2 336,1; 2 054,1;_  4 288,4; 2 090,2;_  74,0; 1 072,0; 12 837,5; 1 785,7;x; 5 464,5; 2 246,5; 294,6; 97,1; 18,1;_  112,7; 5,7;_  119,6; 22,1;_  37,1; 33,8; 255,9; 11,1; 39,3;_  301,0; 272,2; 47,7; 13,4; 307,3; 47,8; 113,6;_  1,4;¤; 69,7;_  1 055,6; 326,9; 65,7;_  1 697,7; 22,8;_  1,8; 21,5; 74,1; 57,6;x;¤;¤;¤;,,,;,,,;x;x;_ ,,,;x;x;x;u 7,0;x;¤;_ ,,,;¤;,,,;¤;¤;x;,,,;x;x;x;_ ¤;¤;,,,;_ ,,,;,,,;_ ¤;¤;,,,;,,,;x; 127,1;u 51,7; 14,8;¤;,,,;_ u 7,0;,,,;_ ¤;,,,;_ ¤;¤;u 4,8;¤;,,,;_ ¤;¤;¤;¤; 9,3;¤;¤;x;,,,;u 2,4;_  30,5;¤; 7,0;_  16,3;¤;x; 5,1;¤;¤;x; 12 437,0; 7 849,3; 2 327,8; 186,4; 177,0;_  343,0; 13,5;_  118,9; 128,6;_  229,7; 98,9; 764,5; 58,8; 132,1;_  1 186,3; 165,8; 376,4; 86,7; 1 519,9; 69,7; 132,2;_  3,2; 7,8; 237,6;_  949,6; 451,1; 503,7;_  932,1; 180,0;_  7,4; 72,4; 1 055,7; 163,1;x; 420,4; 221,1; 69,6;u 5,3;u 6,8;_  12,5;¤;_ u 5,1;¤;_  7,9;u 1,5; 15,7;¤; 5,0;_ u 47,3; 6,9; 16,9;¤; 24,7;¤;¤;_ ¤;,,,; 7,3;_  49,0;¤; 16,5;_  39,6; 7,2;_ ¤;u 3,5; 49,6;u 5,9;x; 1 311,9; 894,1; 323,6; 29,0; 18,0;_  15,2; 2,5;_ u 9,8; 13,5;_  14,2;u 5,1; 112,2;¤; 12,0;_  155,7; 10,0; 25,1; 9,4; 114,0;¤;u 11,6;_  1,2;¤; 39,3;_  59,8; 24,8; 33,5;_  43,6; 18,7;_ ¤; 12,8; 198,6; 29,4;x; 14 425,5; 9 403,2; 2 722,3; 329,1; 255,1;_  214,0; 27,0;_  110,0; 179,1;_  159,1; 63,5; 1 238,6; 45,8; 144,3;_  1 512,9; 300,0; 288,0; 124,0; 1 359,3; 86,5; 115,2;_  10,6; 5,6; 570,6;_  1 054,3; 333,7; 325,3;_  424,2; 232,9;_  8,6; 161,2; 2 194,5; 288,9;x; 4 360,1; 3 046,3; 700,7; 142,1; 60,8;_  83,3; 15,9;_  45,1; 35,4;_  43,0; 21,3; 595,0; 14,4; 59,3;_  378,0; 139,0; 84,9; 66,0; 429,4; 21,3; 26,6;_  3,4; 3,9; 165,7;_  156,1; 160,7; 93,6;_  70,0; 68,9;_  3,1; 45,3; 676,4; 84,6;x; 3 315,9; 2 123,0; 588,0; 61,7; 60,4;_  57,8; 6,3;_ u 20,8; 57,0;_  43,1; 12,1; 223,1; 22,7; 44,3;_  511,1; 42,6; 83,5; 27,0; 247,8; 32,0;u 20,9;_  3,1; 3,4; 128,6;_  213,8; 44,9; 108,5;_  96,3; 78,3;_  4,2; 39,9; 477,0; 75,0;x; 3 183,2; 2 041,2; 701,5; 67,8; 66,5;_  18,7; 9,7;_  22,7; 39,0;_  29,6; 15,0; 155,7;u 5,8; 36,5;_  400,6; 57,9; 49,5; 42,1; 269,8;¤;u 10,2;_  8,2;u 2,3; 119,3;_  202,8; 34,5; 64,4;_  54,7; 51,4;_  4,5; 23,4; 638,7; 99,6;x; 7 750,0; 5 444,0; 1 529,1; 157,4; 168,2;_  46,6; 11,1;_  30,4; 99,2;_  42,9; 23,8; 694,8; 13,1; 115,4;_  1 121,0; 116,4; 123,5; 68,8; 787,1; 20,1; 28,5;_  7,8;u 2,8; 406,4;_  289,5; 129,4; 131,5;_  59,8; 222,1;_  4,8; 90,1; 1 303,4; 176,7;x; 6 675,4; 4 541,5; 1 282,7; 86,2; 170,1;_  87,2; 9,1;_  37,6; 77,3;_  86,6; 26,4; 406,1; 20,1; 62,0;_  1 186,3; 107,1; 139,6; 41,0; 661,3; 29,8; 29,0;_  6,9; 3,2; 208,4;_  428,0; 119,2; 137,3;_  162,6; 130,3;_  4,0; 64,8; 934,0; 83,2;x; 10 163,0; 6 099,3; 1 367,4; 165,8; 235,8;_  168,7; 14,5;_  62,9; 117,3;_  131,1; 46,9; 619,5; 44,5; 108,2;_  1 199,7; 187,8; 250,7; 81,4; 1 173,9; 55,6; 114,3;_  7,6; 7,6; 322,5;_  856,6; 215,0; 219,5;_  297,8; 359,6;_  8,6; 118,3; 1 730,7; 176,7;x; 14 689,6; 9 548,1; 3 015,3; 243,5; 396,6;_  121,8; 10,2;_  68,1; 405,2;_  114,9; 37,7; 753,0; 30,5; 310,6;_  2 176,1; 117,1; 207,8; 136,2; 826,8; 49,3; 85,4;_  11,8; 4,9; 983,0;_  646,3; 245,2; 239,2;_  286,2; 588,8;_  20,8; 361,5; 2 578,1; 351,7;x; 4 924,8; 3 316,2; 1 082,2; 96,3; 93,8;_  58,3; 7,9;_  24,0; 66,9;_  39,8; 19,6; 368,1; 17,9; 81,3;_  556,9; 73,5; 96,3; 42,6; 483,8; 31,0; 34,3;_  3,5;u 2,5; 197,6;_  233,5; 83,6; 104,1;_  101,9; 126,2;_  4,8; 48,7; 797,5; 132,3;x; 1 712,4; 1 591,5; 115,0; 12,8;u 8,6;_ ¤; 10,8;_ u 3,1;¤;_  7,3;,,,; 510,2;,,,; 4,8;_  521,1; 54,8;¤; 7,7; 164,9;¤;¤;_  3,4;,,,; 5,5;_ u 7,5; 158,2;u 3,1;_ u 5,0;,,,;_ ,,,;¤; 95,2; 42,4;x;u 57,3;u 46,6; 10,2;¤;u 5,3;_ ,,,;u 0,8;_ ,,,;¤;_ ,,,;x;,,,;x;,,,;_ ¤;,,,;,,,;u 3,4;u 7,1;x;x;_  3,4;,,,;,,,;_ ,,,;¤;,,,;x;,,,;_ ,,,;x;¤;u 4,8;x; 241,7; 219,6;x;x;x;_ ¤;x;x;¤;_ ¤;u 2,4;x;x; 4,5;_  94,4;x;x;x;x;x;x;_ ¤;x; 117,1;x;x;,,,;x;¤;_ ,,,;¤; 17,5; 13,1
2004;x; 91 980,4; 59 253,5; 15 955,0;_  1 640,6; 1 797,8; 1 394,5; 147,2; 704,0; 1 274,8; 968,5; 434,3; 7 093,7; 303,0; 1 146,1; 11 308,3;_  1 687,0; 1 776,7; 771,0;_  8 807,2; 466,9; 697,2; 77,3;_  43,1; 3 582,8;_  6 188,8; 2 326,4; 2 046,3; 4 287,9; 2 063,3; 73,9; 1 080,1;_  12 990,6; 1 785,9;x; 4 993,6; 2 074,9; 271,0;_  79,4; 28,3; 115,5; 6,0; 127,4; 23,8; 26,3; 41,8; 254,1;u 7,8; 34,1; 295,2;_  232,6; 47,3; 11,0;_  274,7; 46,3; 93,9; 1,1;_ ¤; 72,7;_  1 026,4; 298,2; 65,1; 1 414,9; 21,7; 1,6; 17,6;_  76,7; 51,2;x;¤;¤;¤;_ ,,,;x;x;x;,,,;x;,,,;,,,;u 5,9;,,,;,,,;¤;_ ¤;,,,;,,,;_ u 4,2;x;,,,;x;_ ,,,;,,,;_ ,,,;¤;,,,;,,,;x;¤;¤;_ ,,,;,,,;x; 112,4;u 35,9; 10,5;_ ¤;¤;¤;x;x;,,,;¤;¤;u 6,9;¤;,,,;¤;_ ¤;u 3,0;¤;_ ¤;,,,;¤;x;x;¤;_  29,3;¤; 7,9; 19,7;¤;x; 6,5;_ u 10,2;,,,;x; 12 282,2; 7 720,1; 2 312,0;_  180,9; 170,7; 360,0; 13,1; 111,8; 132,1; 230,3; 102,5; 766,2; 67,4; 126,0; 1 205,0;_  160,5; 356,4; 88,3;_  1 446,3; 66,7; 121,1; 3,5;_  6,8; 233,0;_  973,8; 419,4; 493,6; 1 000,3; 173,3; 7,9; 69,4;_  960,7; 166,0;x; 414,8; 211,6; 60,0;_ ¤;u 8,5; 15,0;u 0,6;u 5,2;¤; 10,3;u 1,0; 19,0;¤; 4,8;u 44,9;_  8,7; 17,4;u 2,8;_  18,4;u 6,4;¤;¤;_ ¤; 6,9;_  43,7;¤; 14,2; 46,0; 8,0;,,,;u 3,3;_  50,9; 6,7;x; 1 329,1; 890,5; 332,7;_  33,2; 15,2; 16,7; 2,0;u 11,4; 17,6; 13,8;u 4,7; 116,7;¤; 10,5; 159,3;_  7,2; 26,2; 10,3;_  100,3;u 8,4;u 9,4; 1,4;_ ¤; 35,3;_  49,2; 25,9; 32,4; 50,3; 17,7;¤; 10,9;_  217,1; 27,5;x; 14 529,5; 9 479,5; 2 647,0;_  313,5; 265,6; 224,5; 26,1; 114,2; 173,0; 146,4; 64,2; 1 330,8; 48,5; 142,3; 1 516,1;_  309,5; 276,1; 128,9;_  1 414,3; 88,1; 115,4; 9,7;_  4,9; 560,5;_  1 037,7; 347,6; 322,6; 508,6; 226,7; 7,5; 159,7;_  2 166,6; 290,0;x; 4 485,2; 3 130,6; 689,1;_  142,2; 66,2; 82,4; 16,8; 47,7; 34,3; 52,0; 23,1; 601,5; 10,3; 55,1; 391,7;_  134,1; 86,7; 58,4;_  520,2; 16,1; 24,3; 3,4;_  4,4; 164,1;_  150,3; 157,4; 95,9; 94,0; 72,0; 3,4; 43,6;_  691,4; 88,3;x; 3 315,0; 2 122,1; 569,0;_  56,1; 68,2; 55,8; 6,1; 22,2; 61,2; 36,0; 12,6; 238,3; 17,6; 46,0; 489,9;_  54,5; 79,3; 26,0;_  264,8; 25,3; 23,6; 2,5;_ u 2,6; 135,7;_  211,6; 47,2; 116,2; 115,4; 77,2; 4,6; 41,2;_  453,8; 66,5;x; 3 028,4; 1 920,8; 628,1;_  72,5; 65,3; 23,7; 9,2; 24,6; 40,0; 30,4; 14,6; 154,4;u 6,4; 35,2; 366,9;_  57,4; 52,1; 47,6;_  251,9;u 7,5;u 9,8; 8,2;_ u 1,8; 116,3;_  190,1; 37,3; 61,6; 58,5; 49,7; 4,9; 23,1;_  607,2; 91,1;x; 8 186,2; 5 803,3; 1 533,0;_  165,0; 156,4; 59,8; 11,2; 26,7; 93,1; 50,9; 27,1; 792,1; 17,0; 117,2; 1 098,9;_  131,4; 126,4; 68,5;_  1 052,6; 18,2; 26,4; 7,9;_  3,1; 390,1;_  309,6; 136,2; 123,0; 105,4; 222,6; 5,7; 84,4;_  1 316,4; 174,0;x; 6 513,6; 4 328,5; 1 233,5;_  99,9; 200,2; 81,3; 7,4; 49,0; 81,8; 74,6; 28,7; 439,9; 25,5; 61,0; 1 132,7;_  113,6; 144,0; 40,7;_  466,3; 33,4; 32,5; 8,5;_  3,4; 201,9;_  440,7; 124,8; 139,6; 171,6; 133,7; 4,2; 66,9;_  943,4; 83,0;x; 10 393,7; 6 220,8; 1 372,1;_  138,1; 257,7; 170,8; 14,7; 64,3; 124,8; 124,8; 49,1; 679,4; 38,6; 113,9; 1 193,7;_  196,9; 259,8; 84,7;_  1 211,3; 72,0; 108,6; 7,5;_  7,9; 317,0;_  844,7; 233,1; 215,7; 289,7; 358,4; 7,9; 124,9;_  1 844,8; 190,0;x; 15 172,6; 9 903,1; 3 079,9;_  235,9; 394,8; 112,9; 10,9; 64,9; 412,6; 122,0; 40,4; 764,0; 32,2; 313,2; 2 259,3;_  139,1; 210,2; 143,3;_  978,7; 43,1; 87,2; 12,3;_  4,8; 985,3;_  644,4; 256,8; 256,3; 293,5; 577,0; 18,7; 370,1;_  2 697,6; 362,9;x; 5 065,8; 3 425,6; 1 071,2;_  105,4; 80,0; 63,8; 8,7; 31,3; 70,7; 40,9; 18,8; 383,3; 18,6; 79,7; 596,9;_  76,0; 90,1; 50,2;_  548,9; 32,2; 36,8; 3,2;_ u 2,1; 189,1;_  229,7; 83,4; 97,7; 109,0; 123,6; 6,3; 54,4;_  824,3; 126,1;x; 1 825,5; 1 696,3; 137,8;_  8,8; 13,7;¤; 13,9;¤;¤; 6,2;¤; 540,9;¤;u 2,9; 500,7;_  62,3;¤; 5,5;_  243,5;¤;¤; 3,5;_ ,,,;u 2,2;_ u 7,2; 148,8;u 2,9;u 9,5;,,,;,,,;u 2,0;_  98,7; 46,5;x;u 53,6;u 45,2; 7,3;_ ¤;u 6,0;,,,;u 0,6;,,,;,,,;,,,;x;,,,;x;,,,;¤;_ ¤;,,,;u 3,6;_  9,0;,,,;,,,; 4,2;x;,,,;x;¤;u 0,9;,,,;,,,;,,,;,,,;_ ¤;u 4,9;x; 254,1; 222,4;x;_ ¤;x;¤;x;x;¤;¤;u 4,0;x;x;u 3,1;u 39,6;x;x;¤;x;x;x;¤;x; 171,1;x;x;,,,;x;¤;,,,;¤;_  25,1; 11,0
2005;x;_  93 860,0;_  60 937,6;_  16 398,0;_  1 701,3;_  1 848,5;_  1 389,8;_  150,7;_  706,0;_  1 282,6;_  983,1;_  433,7;_  7 722,0;_  311,3;_  1 157,9;_  11 612,5;_  1 710,0;_  1 785,4;_  828,2;_  8 806,4;_  475,6;_  702,7;_  81,0;_  45,9;_  3 628,1;_  6 306,4;_  2 340,6;_  2 058,5;_  4 135,4;_  2 066,2;_  74,8;_  1 078,2;_  13 192,2;_  1 802,4;x;_  4 942,2;_  2 059,0;_  282,9;_  89,8;_  27,4;_  95,0;_  5,3;_  132,7;_  20,6;_  25,8;_  39,3;_  257,1;_  9,8;_  33,2;_  264,7;_  229,7;_  46,9;_  10,6;_  285,3;_  37,2;_  80,3;_ u 0,9;_ ¤;_  75,0;_  1 048,0;_  304,3;_  57,5;_  1 366,5;_  20,9;_  1,9;_  15,7;_  95,2;_  50,9;x;_  33,5;_  27,6;_ ¤;_ ¤;_ ,,,;_ ,,,;x;_ ¤;x;_ ,,,;_ ,,,;_  15,3;_ ¤;_ ¤;_ ¤;_ u 1,6;_ ¤;_ ¤;_  2,5;_ ¤;_ ¤;x;_ ,,,;_ ¤;_ ¤;_ ¤;_ u 0,6;_ ¤;_ ¤;_ ¤;_ u 1,4;_ ¤;x;x;_  114,8;_  42,5;_  12,2;_ ¤;_ ¤;_ u 5,7;_ ¤;_ ¤;_ ¤;_ ¤;_ u 0,9;_  7,1;_ ¤;_ ¤;_ ¤;_ ¤;_ u 2,6;_ ¤;_  4,3;_ ¤;_ ¤;_ ,,,;_ ,,,;_ u 1,8;_  24,6;_ ¤;_  5,6;_  17,9;_ ¤;x;_  6,5;_  13,8;_ ¤;x;_  12 021,8;_  7 612,5;_  2 242,9;_  177,4;_  178,5;_  363,9;_  12,8;_  109,4;_  136,8;_  225,6;_  102,9;_  801,4;_  67,2;_  126,6;_  1 194,4;_  154,8;_  339,3;_  82,9;_  1 401,7;_  66,2;_  127,3;_  3,2;_  7,2;_  237,8;_  949,1;_  401,8;_  483,6;_  915,1;_  165,7;_  6,8;_  66,8;_  946,3;_  163,4;x;_  430,6;_  225,9;_  69,9;_ u 5,7;_  6,7;_  16,1;_ u 0,5;_ u 6,6;_ u 3,7;_  8,1;_ u 1,9;_  22,1;_ u 3,0;_  4,2;_  44,1;_  6,7;_  16,3;_ u 2,7;_  22,1;_  6,4;_ u 6,0;_ ¤;_ ¤;_  11,0;_  47,0;_  4,5;_  17,0;_  44,4;_  7,7;_ ¤;_  3,2;_  46,1;_  6,7;x;_  1 364,9;_  905,3;_  309,0;_  35,8;_  23,0;_  15,2;_  2,5;_ u 11,0;_  18,4;_  12,9;_  4,1;_  129,7;_  4,3;_  10,9;_  156,4;_  7,7;_  20,6;_  12,1;_  106,2;_  9,0;_ u 11,7;_  1,3;_ ¤;_  43,4;_  59,2;_  25,0;_  38,7;_  47,1;_  17,5;_  0,8;_  10,2;_  231,8;_  26,8;x;_  14 760,6;_  9 622,9;_  2 727,4;_  320,8;_  272,3;_  227,5;_  26,0;_  114,1;_  171,5;_  149,7;_  59,9;_  1 377,2;_  47,4;_  147,5;_  1 571,7;_  327,2;_  320,3;_  138,7;_  1 347,8;_  92,7;_  118,5;_  10,3;_  6,2;_  547,6;_  1 058,8;_  334,1;_  322,6;_  523,4;_  231,6;_  9,3;_  165,7;_  2 167,9;_  296,7;x;_  4 695,6;_  3 333,9;_  740,4;_  149,3;_  69,9;_  91,6;_  14,9;_  45,4;_  39,8;_  58,3;_  24,6;_  693,0;_  17,0;_  55,3;_  398,3;_  137,6;_  88,5;_  66,7;_  522,4;_  20,3;_  24,8;_  3,6;_  4,2;_  168,4;_  160,7;_  165,2;_  97,4;_  98,6;_  63,1;_  2,8;_  43,7;_  676,6;_  87,0;x;_  3 335,9;_  2 169,4;_  544,0;_  61,4;_  76,2;_  56,2;_  5,9;_  21,2;_  50,1;_  41,2;_  12,4;_  263,7;_  17,0;_  45,4;_  504,5;_  51,7;_  71,9;_  26,5;_  278,7;_  27,4;_  24,7;_  2,8;_  2,7;_  127,1;_  204,5;_  56,2;_  110,0;_  108,0;_  71,3;_  4,0;_  38,7;_  473,2;_  69,5;x;_  3 212,8;_  2 083,8;_  648,9;_  71,1;_  73,6;_  23,6;_  9,0;_ u 18,6;_  47,3;_  31,5;_  14,8;_  213,6;_  5,3;_  31,9;_  421,7;_  57,8;_  53,6;_  50,3;_  260,1;_  11,1;_ u 11,4;_  8,9;_  3,2;_  120,6;_  200,3;_  39,4;_  58,6;_  55,3;_  45,8;_  4,5;_  24,4;_  625,8;_  89,6;x;_  8 509,8;_  6 041,8;_  1 652,9;_  165,8;_  154,1;_  61,6;_  13,0;_  33,9;_  106,0;_  50,4;_  26,7;_  845,8;_  19,1;_  124,2;_  1 116,7;_  139,9;_  125,1;_  80,2;_  1 072,7;_  23,1;_  28,4;_  8,2;_  2,4;_  386,6;_  336,8;_  131,5;_  125,8;_  92,5;_  230,1;_  5,9;_  84,2;_  1 356,3;_  166,4;x;_  6 700,8;_  4 445,5;_  1 256,0;_  101,1;_  183,1;_  83,3;_  8,4;_  42,3;_  85,1;_  77,3;_  28,6;_  469,1;_  20,9;_  58,2;_  1 178,8;_  114,2;_  143,4;_  49,7;_  472,9;_  34,1;_  35,7;_  8,5;_  3,1;_  214,4;_  441,7;_  131,6;_  154,7;_  170,2;_  129,5;_  3,8;_  61,6;_  1 005,1;_  88,0;x;_  10 481,0;_  6 279,2;_  1 410,6;_  153,7;_  261,1;_  164,0;_  17,1;_  66,9;_  127,9;_  125,0;_  55,6;_  723,0;_  46,0;_  111,0;_  1 192,9;_  192,6;_  250,1;_  87,2;_  1 145,7;_  64,9;_  109,3;_  9,2;_  7,0;_  329,1;_  852,3;_  238,2;_  225,8;_  302,4;_  355,2;_  8,1;_  124,6;_  1 857,1;_  195,9;x;_  15 629,3;_  10 283,8;_  3 118,9;_  258,4;_  397,0;_  123,2;_  10,7;_  64,9;_  394,9;_  122,3;_  42,0;_  858,6;_  31,3;_  322,1;_  2 385,8;_  144,5;_  206,1;_  156,2;_  1 021,3;_  46,9;_  77,4;_  13,8;_  6,3;_  1 005,3;_  662,0;_  265,0;_  260,1;_  272,8;_  592,8;_  20,7;_  375,1;_  2 768,8;_  370,1;x;_  5 320,2;_  3 666,7;_  1 201,3;_  96,6;_  91,2;_  58,6;_  9,7;_  32,4;_  74,5;_  44,9;_  18,1;_  416,2;_  21,1;_  78,4;_  624,0;_  75,4;_  98,0;_  52,2;_  591,8;_  32,0;_  42,0;_  2,8;_  2,9;_  176,4;_  245,5;_  89,8;_  96,7;_  101,5;_  125,7;_  5,1;_  54,2;_  820,5;_  136,0;x;_  1 968,1;_  1 848,4;_  166,2;_  9,2;_  18,0;_ ¤;_  13,8;_ u 4,3;_ u 3,4;_  7,0;_ u 0,5;_  626,4;_ ¤;_  4,3;_  500,7;_  67,4;_ ¤;_  6,5;_  264,6;_ u 2,8;_ ¤;_  3,5;_ ,,,;_  3,7;_ u 11,3;_  149,3;_ u 2,7;_  17,9;_ ¤;_ ,,,;_ u 1,7;_  73,2;_  40,1;x;_  70,3;_  61,4;_  12,6;_ u 3,8;_  14,8;_ ,,,;_ u 1,1;_ ¤;_ ¤;_ ,,,;x;_ u 2,9;x;_ ¤;_ u 8,7;_ ¤;_ ¤;_  4,6;_  6,3;_ ,,,;x;_  3,7;_ ,,,;_ ¤;x;_ ¤;_ u 0,5;_ ¤;_ ¤;_ ¤;_ ,,,;_ u 4,6;_  6,3;x;_  268,0;_  228,1;x;x;_ ,,,;_ ¤;x;_ ,,,;_ ¤;_ ¤;_ u 1,5;x;x;_ u 3,2;_  42,0;x;x;_ ,,,;x;x;x;_ ,,,;x;_  179,4;_ ¤;x;_ u 0,5;x;_  5,6;_ ¤;_ ¤;_  28,7;_  8,5
2006;x; 95 997,8; 62 463,4; 16 836,9; 1 741,0; 1 872,3; 1 457,2; 156,9;_  718,3; 1 309,4; 1 010,3; 437,6; 8 130,6; 322,0; 1 177,6; 11 738,2; 1 765,1; 1 789,8; 864,9; 9 002,4; 505,2; 708,8; 84,3; 46,5; 3 708,8; 6 513,0; 2 354,0; 2 086,1; 4 239,3; 2 098,6; 76,7;_  1 110,3; 13 322,8; 1 837,5;x; 4 777,8; 2 040,5; 269,7; 92,0; 24,0; 89,2; 4,6;_  106,7; 19,1; 24,1; 40,1; 257,4; 10,0; 32,6; 260,6; 225,2; 46,8; 11,2; 296,6; 42,7; 81,1; 1,0;¤; 73,8; 977,3; 293,8; 57,6; 1 331,7; 20,4; 1,8;_  15,4; 88,5; 49,2;x; 25,3;u 20,2;¤;,,,;x;¤;,,,;_ ¤;,,,;x;,,,; 9,0;,,,;¤;¤;u 2,0;¤;¤; 2,9;,,,;,,,;x;,,,;x;¤;¤;u 0,6;¤;¤;¤;_ u 1,3;¤;,,,;x; 120,8; 38,2; 10,6;¤;¤;u 7,0;,,,;_ ¤;¤;¤;u 0,7; 5,9;¤;¤;¤;¤;¤;¤; 6,4;¤;¤;,,,;,,,;u 2,1; 25,5;¤; 7,3; 18,5;¤;x;_  6,4; 19,1;,,,;x; 12 101,3; 7 594,4; 2 309,7; 191,2; 171,7; 369,4; 12,2;_  109,3; 131,4; 228,2; 95,6; 780,9; 62,2; 124,9; 1 159,7; 157,3; 332,6; 81,2; 1 379,5; 69,7; 120,1; 2,7; 6,5; 232,9; 999,9; 408,2; 505,9; 949,4; 167,1; 6,0;_  66,3; 941,7; 169,6;x; 459,3; 243,9; 74,2;u 5,6; 7,0; 14,7;¤;_ u 6,1;u 3,9; 8,0;u 2,2; 22,9;u 2,2;u 3,8; 52,6; 7,4; 18,0;u 2,4; 24,5; 6,2;¤;¤;¤; 11,6; 51,3; 5,2; 16,7; 49,0; 7,1;¤;_  3,3; 48,7;u 4,4;x; 1 386,3; 903,6; 307,8; 36,0; 21,5; 17,8; 3,4;_ u 11,2; 15,9; 13,0; 4,5; 137,1; 4,7; 10,2; 161,2; 8,4; 21,1; 13,3; 96,5; 6,1;u 9,5; 1,5;¤; 43,7; 61,4; 24,9; 33,3; 56,0; 19,2; 0,8;_  11,8; 246,8; 30,2;x; 15 011,8; 9 815,5; 2 749,2; 329,3; 266,0; 254,7; 25,8;_  126,0; 179,7; 161,2; 61,4; 1 463,5; 52,3; 148,5; 1 541,4; 338,1; 312,9; 142,6; 1 396,9; 105,3; 131,6; 9,8; 7,3; 557,3; 1 096,6; 327,8; 327,2; 566,3; 234,3; 9,9;_  169,2; 2 098,7; 286,9;x; 4 984,4; 3 559,6; 796,0; 152,5; 68,3; 97,8; 12,9;_  50,1; 43,4; 66,3; 24,7; 764,7; 17,9; 56,5; 446,6; 137,0; 93,4; 70,0; 542,0; 23,4; 28,7; 3,1; 3,5; 175,1; 184,9; 170,4; 102,4; 90,4; 70,0; 2,9;_  43,1; 692,4; 94,5;x; 3 394,5; 2 203,0; 591,2; 58,1; 76,9; 56,7; 7,0;_ u 22,3; 52,2; 39,2; 13,0; 274,9; 19,9; 49,5; 447,9; 56,6; 82,4; 28,9; 284,8; 27,5; 27,3; 3,0; 2,5; 134,1; 206,8; 60,5; 101,7; 115,2; 71,2; 4,0;_  39,9; 483,2; 67,9;x; 3 342,2; 2 160,1; 649,5; 65,2; 73,2; 26,4; 9,6;_  27,7; 48,1; 32,4; 14,0; 223,5; 5,4; 31,3; 472,8; 56,5; 53,0; 49,9; 270,4; 16,2;u 10,3; 9,7; 2,9; 129,6; 232,2; 37,7; 58,1; 62,8; 47,3; 4,6;_  26,4; 626,5; 94,3;x; 8 957,6; 6 395,0; 1 759,5; 167,8; 177,0; 63,4; 14,8;_  36,4; 117,4; 55,8; 27,3; 939,5; 21,5; 127,2; 1 189,4; 139,8; 126,0; 82,2; 1 096,9; 26,6; 33,6; 8,9; 2,7; 390,5; 364,9; 133,9; 136,3; 109,2; 236,3; 5,4;_  94,8; 1 372,7; 174,8;x; 6 898,3; 4 586,4; 1 274,8; 107,5; 197,2; 93,4; 9,8;_  44,9; 82,2; 79,3; 28,6; 501,2; 20,3; 60,8; 1 212,6; 133,0; 139,9; 52,3; 471,4; 39,1; 33,5; 7,8; 4,1; 219,1; 460,0; 134,0; 155,3; 172,0; 137,3; 5,2;_  64,2; 1 026,8; 86,7;x; 10 712,9; 6 445,9; 1 466,9; 154,8; 255,5; 170,1; 18,7;_  70,7; 123,9; 126,1; 58,0; 734,1; 48,8; 113,2; 1 209,8; 206,5; 246,3; 94,7; 1 193,1; 68,2; 100,6; 10,2; 7,7; 338,4; 880,1; 240,6; 214,9; 303,6; 361,6; 8,3;_  126,7; 1 895,8; 204,0;x; 16 059,6; 10 565,8; 3 197,8; 263,8; 406,5; 128,0; 10,2;_  66,1; 412,4; 124,5; 45,5; 905,0; 32,7; 327,1; 2 435,9; 150,7; 214,1; 169,4; 1 038,1; 42,3; 82,7; 14,7; 6,0; 1 044,1; 700,1; 268,7; 264,8; 291,6; 585,7; 21,2;_  384,9; 2 831,0; 376,8;x; 5 408,8; 3 699,9; 1 189,7; 103,0; 94,1; 65,0; 12,0;_  33,9; 74,7; 44,3; 18,8; 423,2; 22,2; 82,0; 611,3; 74,9; 99,5; 53,5; 617,8; 27,8; 40,0; 3,6; 2,4; 185,3; 259,5; 93,9; 99,7; 103,8; 133,0; 5,6;_  53,7; 839,9; 139,5;x; 2 044,8; 1 933,2; 175,9; 9,9; 20,9;¤; 14,4;_ u 3,7;¤; 5,6;u 0,7; 684,4;¤; 4,5; 496,2; 70,1;¤; 7,8; 279,0;u 3,1;¤; 2,8;¤; 4,4;u 9,4; 150,4;u 2,9; 18,2;¤;x;_  2,6; 71,1; 42,9;x; 69,9; 56,5; 13,2;¤; 10,8;¤;u 1,0;_ ¤;¤;,,,;x;u 3,5;,,,;¤;u 10,4;¤;x;¤; 5,5;x;x; 5,3;¤;¤;,,,;¤;u 0,8;¤;¤;¤;x;u 8,9;u 5,7;x; 242,2; 201,6;x;x;¤;x;x;_ ,,,;u 2,2;¤;u 2,3;x;,,,; 4,1; 23,4;x;x; 3,8;x;,,,;x;,,,;x; 165,8;¤;x;u 0,8;x; 5,6;¤;_ ¤; 29,9; 9,3
2007;x; 98 125,4; 64 043,9; 17 243,6;_  1 785,5; 1 936,6; 1 521,1; 168,5; 763,9; 1 311,7; 1 035,7; 445,6; 8 512,6; 322,7; 1 202,1; 12 028,5; 1 786,7; 1 772,7;_  921,5; 9 082,8; 517,3; 715,3;_  89,2; 50,1; 3 832,3; 6 837,6; 2 367,3; 2 115,9; 4 237,0; 2 150,4; 79,7; 1 152,7;_  13 371,2; 1 862,8;x; 4 684,3; 1 979,4; 277,9;_  100,1; 24,9; 86,1; 3,9; 103,2; 20,5; 23,3; 44,9; 241,4; 9,4; 30,6; 258,7; 214,0; 40,2;_  11,9; 274,5; 40,1; 61,4;_  1,0;¤; 69,5; 968,8; 291,7; 53,1; 1 312,8; 20,2; 1,7; 14,4;_  99,9; 51,5;x; 26,5;u 21,8;¤;_ ¤;¤;¤;,,,;,,,;,,,;x;,,,; 9,7;¤;¤;¤;u 2,7;¤;_ ¤; 3,5;¤;,,,;x;x;¤;¤;¤;¤;¤;,,,;¤;¤;_ ¤;,,,;x; 133,1; 41,4; 10,8;_ ¤;u 2,1;u 6,8;,,,;u 1,4;¤;¤;¤; 6,8;¤;¤;¤;u 1,4;¤;_ ¤; 5,2;u 1,2;¤;x;,,,;u 2,2; 32,7;¤; 6,0; 14,2;¤;x; 8,0;_  26,6;,,,;x; 12 276,1; 7 663,7; 2 364,9;_  185,4; 178,8; 389,5; 11,8; 119,8; 141,8; 231,0; 93,6; 803,6; 61,0; 122,3; 1 183,0; 158,0; 333,8;_  80,2; 1 367,4; 63,8; 122,4;_  3,2; 6,1; 231,8; 1 077,5; 395,4; 509,4; 921,3; 165,9; 5,7; 67,9;_  953,3; 162,6;x; 450,1; 241,7; 78,5;_  6,1; 9,1; 13,3;¤;u 6,1; 4,0; 6,8;u 2,1; 22,7;u 1,3;u 3,9; 44,4; 8,9; 15,6;_ u 2,3; 24,7; 5,1;u 6,5;_ ¤;¤; 11,3; 48,2; 7,3; 14,5; 41,0; 6,7;¤; 4,2;_  59,2;u 4,7;x; 1 426,1; 938,0; 304,3;_  39,7; 23,8; 24,4; 4,0; 11,0; 18,6; 12,9; 5,0; 156,1; 7,4; 11,4; 156,0; 8,0; 23,0;_  14,4; 102,4; 10,1;u 11,5;_  1,6;¤; 43,8; 63,1; 25,2; 37,0; 68,4; 22,0; 0,6; 12,6;_  220,5; 31,7;x; 15 483,8; 10 120,6; 2 787,8;_  333,6; 280,3; 272,7; 30,1; 139,6; 179,2; 170,7; 61,0; 1 550,9; 51,5; 154,3; 1 617,2; 345,5; 314,0;_  153,4; 1 438,1; 107,3; 133,8;_  10,3; 7,7; 556,8; 1 226,0; 330,4; 323,9; 620,5; 239,7; 11,0; 170,8;_  2 047,5; 283,2;x; 5 169,8; 3 695,8; 835,2;_  160,6; 74,4; 105,3; 13,3; 53,9; 44,4; 64,5; 25,4; 802,6; 18,5; 61,5; 443,7; 146,2; 92,9;_  79,2; 557,6; 24,3; 25,8;_  3,6; 4,6; 185,1; 202,3; 169,6; 102,2; 90,0; 77,0; 3,7; 44,5;_  706,1; 89,5;x; 3 413,4; 2 234,2; 595,7;_  65,7; 73,3; 54,9; 9,0; 26,1; 50,3; 42,0; 13,1; 278,6; 19,4; 48,4; 468,4; 52,8; 77,8;_  28,0; 288,3; 29,9; 29,8;_  3,0; 2,7; 137,6; 212,7; 48,7; 100,9; 108,5; 73,8; 3,8; 40,7;_  474,2; 62,0;x; 3 414,5; 2 217,8; 660,8;_  65,5; 74,5; 31,2; 10,0; 26,4; 41,4; 30,5; 16,4; 240,2; 6,9; 33,8; 487,0; 58,5; 58,4;_  54,8; 266,9; 14,3;u 15,1;_  9,1; 3,4; 126,5; 250,1; 43,8; 63,8; 68,2; 45,3; 5,1; 26,4;_  611,8; 98,9;x; 9 526,4; 6 762,7; 1 857,0;_  172,7; 184,3; 67,8; 17,0; 43,3; 111,3; 62,2; 30,9; 1 036,5; 23,9; 136,4; 1 215,5; 136,4; 130,3;_  93,3; 1 109,8; 34,0; 35,9;_  10,6; 4,2; 434,4; 421,8; 167,8; 152,8; 106,2; 257,0; 5,8; 97,9;_  1 473,2; 192,1;x; 7 058,4; 4 744,7; 1 294,7;_  120,8; 199,5; 96,7; 11,6; 43,1; 79,7; 80,9; 25,8; 503,9; 21,2; 63,7; 1 322,9; 139,9; 137,9;_  52,8; 465,1; 43,7; 37,4;_  7,7; 3,8; 227,4; 468,7; 121,9; 161,4; 168,8; 137,9; 4,4; 72,6;_  1 019,6; 90,5;x; 10 737,9; 6 460,2; 1 500,8;_  151,1; 262,2; 176,3; 18,9; 68,8; 128,8; 129,0; 58,3; 740,7; 45,2; 110,3; 1 177,5; 204,7; 242,3;_  100,8; 1 191,7; 66,2; 110,3;_  10,3; 8,2; 344,5; 872,3; 229,5; 217,9; 297,6; 365,6; 8,6; 138,2;_  1 908,0; 205,1;x; 16 324,3; 10 856,7; 3 297,6;_  262,3; 405,7; 125,0; 12,0; 73,7; 407,7; 127,2; 44,8; 967,7; 31,8; 331,0; 2 467,0; 159,2; 203,1;_  180,4; 1 053,9; 41,8; 81,0;_  15,6; 5,9; 1 092,6; 702,9; 279,3; 271,0; 291,3; 600,4; 21,9; 392,6;_  2 792,7; 396,8;x; 5 532,0; 3 803,8; 1 173,3;_  109,9; 97,2; 65,2; 10,0; 41,1; 76,2; 45,1; 18,1; 445,6; 22,8; 86,8; 651,2; 80,8; 98,9;_  55,8; 619,4; 32,1; 42,0;_  3,7; 2,6; 219,3; 272,1; 88,2; 98,6; 97,8; 130,5; 6,5; 57,9;_  847,8; 139,2;x; 2 164,4; 2 020,8; 191,6;_  8,0; 30,7;u 5,1; 15,5;u 5,0; 4,2; 8,1;u 0,5; 704,7;,,,; 4,1; 495,8; 69,4;¤;_  9,2; 304,8; 2,3;¤;_  3,5;¤; 5,7; 15,6; 165,0;u 2,4; 29,0;¤;x; 2,6;_  79,0; 39,0;x; 71,8; 61,8; 11,8;_ ¤; 15,0;¤;u 0,7;¤;¤;¤;,,,;¤;¤;¤;u 10,1;¤;¤;_ ¤; 9,6;,,,;x;_  5,9;¤;¤;x;¤;¤;¤;¤;¤;x;_ u 5,8;u 6,2;x; 232,7; 178,7;x;x;¤;x;x;,,,;¤;,,,; 5,4;x;¤;u 2,5; 23,5;x;x;_  3,1;x;¤;x;_ ,,,;x; 142,6;¤;x;¤;x; 5,6;¤;¤;_  44,9; 9,6
2008;x;x;x; 17 508,5; 1 830,6; 1 985,2;_  1 567,8; 170,6; 782,6; 1 335,6; 1 070,0; 453,2; 8 664,5; 321,7;_  1 216,2; 12 218,6; 1 823,7; 1 754,7; 934,6; 9 270,0; 523,6; 706,9; 86,9; 52,9; 3 916,8; 7 082,2; 2 391,3; 2 139,3; 4 211,7; 2 171,1; 80,7; 1 190,6;_  13 526,3; 1 939,6;x;x;x; 280,9; 98,8; 20,4;x; 4,6; 109,4; 16,0; 23,5;x; 221,7; 7,6;_  32,2; 233,3; 209,6; 42,0; 14,4; 262,5; 30,2; 41,8; 1,1;¤; 66,2;x; 291,0; 50,3; 1 281,1;x; 1,5; 14,6;_  107,4; 53,4;x;x;¤;¤;¤;,,,;x;,,,;u 1,0;x;x;x; 8,2;¤;_ ¤;¤;u 2,4;¤;¤; 2,8;¤;¤;x;,,,;¤;x;¤;¤;¤;x;¤;¤;_ ¤;,,,;x;x;x; 13,7;¤;¤;x;¤;¤;¤;¤;x;u 4,7;¤;_ ¤;¤;u 2,0;¤;¤; 4,9;¤;¤;x;,,,;¤;x;¤; 7,3; 14,1;x;x; 9,0;_  26,3;,,,;x;x;x; 2 378,2; 176,3; 172,6;x; 12,4; 123,7; 146,8; 235,4;x; 799,1; 62,6;_  116,3; 1 137,9; 150,4; 331,4; 78,4; 1 350,7; 74,2; 114,3; 3,0; 5,1; 242,5;x; 369,2; 512,0; 884,4;x; 5,9; 73,0;_  913,5; 174,0;x;x;x; 79,3;u 4,7; 8,9;x;u 0,5;u 5,3; 4,4; 6,9;x; 24,4;u 2,0;_  4,3; 44,8; 10,2; 13,2;u 2,0; 28,0; 4,1;u 6,5;,,,;¤; 11,1;x; 6,5; 17,0; 34,1;x;¤; 4,8;_  50,7;u 4,6;x;x;x; 304,5; 45,1; 26,8;x; 3,3; 13,1; 17,7; 14,1;x; 155,2; 7,1;_  12,8; 179,0; 8,5; 22,8; 14,4; 108,9; 12,1;u 15,0; 2,2;u 0,5; 46,2;x; 23,5; 39,9; 70,3;x; 1,1; 11,1;_  235,8; 30,8;x;x;x; 2 777,9; 347,4; 276,2;x; 30,8; 144,0; 192,9; 174,1;x; 1 602,2; 53,9;_  150,5; 1 637,1; 365,1; 303,9; 158,4; 1 412,5; 108,7; 140,3; 8,7; 8,2; 556,8;x; 341,9; 332,8; 636,2;x; 9,7; 172,1;_  2 114,9; 286,6;x;x;x; 843,7; 156,8; 69,6;x; 13,3; 49,9; 44,8; 64,5;x; 814,9; 18,4;_  66,0; 415,4; 148,8; 91,0; 75,4; 587,6; 23,6; 30,7; 3,6; 5,1; 179,3;x; 191,5; 96,2; 100,6;x; 3,5; 44,8;_  688,0; 91,3;x;x;x; 593,3; 58,9; 77,3;x; 7,8; 22,8; 45,8; 47,7;x; 282,3; 17,8;_  49,1; 488,0; 53,0; 76,2; 27,0; 296,5; 29,2; 28,3; 3,9; 3,0; 140,3;x; 53,1; 106,1; 112,4;x; 3,7; 39,5;_  474,9; 62,6;x;x;x; 658,7; 70,4; 85,2;x; 11,1; 25,4; 43,2; 37,7;x; 237,1; 7,3;_  34,3; 467,6; 61,9; 63,7; 55,7; 268,0; 12,6;u 13,8; 8,7; 3,1; 116,1;x; 43,8; 70,6; 75,6;x; 5,2; 26,1;_  613,5; 102,4;x;x;x; 1 948,5; 183,7; 190,5;x; 18,2; 45,9; 115,9; 74,3;x; 1 076,1; 24,7;_  135,0; 1 251,9; 143,3; 139,4; 91,2; 1 153,3; 35,5; 45,6; 10,3; 4,0; 439,1;x; 168,1; 165,3; 118,6;x; 5,7; 99,8;_  1 477,1; 202,2;x;x;x; 1 296,4; 120,7; 202,8;x; 11,8; 45,6; 87,6; 85,1;x; 532,5; 21,2;_  64,9; 1 373,3; 143,8; 137,1; 52,8; 487,3; 43,5; 38,4; 8,0; 4,5; 226,4;x; 120,7; 157,3; 178,0;x; 4,8; 77,1;_  1 025,5; 89,9;x;x;x; 1 541,0; 159,6; 262,9;x; 19,7; 72,1; 118,9; 128,8;x; 739,9; 47,1;_  108,5; 1 207,6; 206,3; 237,0; 104,2; 1 179,6; 69,2; 110,9; 11,3; 8,7; 351,8;x; 262,7; 213,2; 296,5;x; 9,5; 143,5;_  1 951,3; 211,6;x;x;x; 3 377,6; 276,5; 437,8;x; 10,8; 78,3; 415,7; 125,9;x; 1 004,7; 28,3;_  343,3; 2 539,4; 159,3; 197,0; 188,2; 1 139,5; 42,9; 78,4; 14,3; 6,9; 1 119,3;x; 254,5; 264,8; 303,6;x; 22,6; 416,5;_  2 860,2; 422,5;x;x;x; 1 198,4; 113,6; 99,4;x; 9,1; 39,5; 80,0; 44,5;x; 470,2; 22,1;_  87,1; 640,5; 84,9; 96,4; 56,9; 608,0; 35,3; 39,4; 3,7; 3,0; 222,7;x; 88,5; 104,1; 87,7;x; 6,3; 56,1;_  859,3; 140,7;x;x;x; 201,4; 11,1; 38,5;x; 16,6;u 4,1;u 3,1; 5,6;x; 690,5;x;_  4,2; 500,5; 73,6;¤; 9,5; 365,8; 1,9;¤; 3,3;¤; 5,7;x; 173,2;u 1,8; 17,9;x;x;u 1,3;_  83,2; 48,6;x;x;x; 13,8;u 4,4; 15,2;x;u 0,6;u 1,3;¤;¤;x;¤;¤;_ ¤;u 11,7;¤;,,,;¤; 13,9;x;,,,; 4,8;¤;¤;x;¤;,,,;,,,;x;¤;,,,;_ u 4,9; 7,4;x;x;x;x;x;,,,;_  1 567,8;x;,,,;¤;,,,; 453,2;x;,,,;_  6,0; 84,7;x;x; 4,5;x;,,,;x;,,,;x; 190,7; 7 082,2;x;,,,;x; 2 171,1;¤;¤;_  38,4; 10,7
;;;;;;;;;;;;;;;;;;;;;;;;;;;;;;;;;;;;;;;;;;;;;;;;;;;;;;;;;;;;;;;;;;;;;;;;;;;;;;;;;;;;;;;;;;;;;;;;;;;;;;;;;;;;;;;;;;;;;;;;;;;;;;;;;;;;;;;;;;;;;;;;;;;;;;;;;;;;;;;;;;;;;;;;;;;;;;;;;;;;;;;;;;;;;;;;;;;;;;;;;;;;;;;;;;;;;;;;;;;;;;;;;;;;;;;;;;;;;;;;;;;;;;;;;;;;;;;;;;;;;;;;;;;;;;;;;;;;;;;;;;;;;;;;;;;;;;;;;;;;;;;;;;;;;;;;;;;;;;;;;;;;;;;;;;;;;;;;;;;;;;;;;;;;;;;;;;;;;;;;;;;;;;;;;;;;;;;;;;;;;;;;;;;;;;;;;;;;;;;;;;;;;;;;;;;;;;;;;;;;;;;;;;;;;;;;;;;;;;;;;;;;;;;;;;;;;;;;;;;;;;;;;;;;;;;;;;;;;;;;;;;;;;;;;;;;;;;;;;;;;;;;;;;;;;;;;;;;;;;;;;;;;;;;;;;;;;;;;;;;;;;;;;;;;;;;;;;;;;;;;;;;;;;;;;;;;;;;;;;;;;;;;;;;;;;;;;;;;;;;;;;;;;;;;;;;;;;;;;;;;;;;;;;;;;;;;;;;;;;;;;;;;;
;;;;;;;;;;;;;;;;;;;;;;;;;;;;;;;;;;;;;;;;;;;;;;;;;;;;;;;;;;;;;;;;;;;;;;;;;;;;;;;;;;;;;;;;;;;;;;;;;;;;;;;;;;;;;;;;;;;;;;;;;;;;;;;;;;;;;;;;;;;;;;;;;;;;;;;;;;;;;;;;;;;;;;;;;;;;;;;;;;;;;;;;;;;;;;;;;;;;;;;;;;;;;;;;;;;;;;;;;;;;;;;;;;;;;;;;;;;;;;;;;;;;;;;;;;;;;;;;;;;;;;;;;;;;;;;;;;;;;;;;;;;;;;;;;;;;;;;;;;;;;;;;;;;;;;;;;;;;;;;;;;;;;;;;;;;;;;;;;;;;;;;;;;;;;;;;;;;;;;;;;;;;;;;;;;;;;;;;;;;;;;;;;;;;;;;;;;;;;;;;;;;;;;;;;;;;;;;;;;;;;;;;;;;;;;;;;;;;;;;;;;;;;;;;;;;;;;;;;;;;;;;;;;;;;;;;;;;;;;;;;;;;;;;;;;;;;;;;;;;;;;;;;;;;;;;;;;;;;;;;;;;;;;;;;;;;;;;;;;;;;;;;;;;;;;;;;;;;;;;;;;;;;;;;;;;;;;;;;;;;;;;;;;;;;;;;;;;;;;;;;;;;;;;;;;;;;;;;;;;;;;;;;;;;;;;;;;;;;;;;;;;;;;
Employment by sector of economic activity - Female (NACE Rev.1.1) (1992-2008);;;;;;;;;;;;;;;;;;;;;;;;;;;;;;;;;;;;;;;;;;;;;;;;;;;;;;;;;;;;;;;;;;;;;;;;;;;;;;;;;;;;;;;;;;;;;;;;;;;;;;;;;;;;;;;;;;;;;;;;;;;;;;;;;;;;;;;;;;;;;;;;;;;;;;;;;;;;;;;;;;;;;;;;;;;;;;;;;;;;;;;;;;;;;;;;;;;;;;;;;;;;;;;;;;;;;;;;;;;;;;;;;;;;;;;;;;;;;;;;;;;;;;;;;;;;;;;;;;;;;;;;;;;;;;;;;;;;;;;;;;;;;;;;;;;;;;;;;;;;;;;;;;;;;;;;;;;;;;;;;;;;;;;;;;;;;;;;;;;;;;;;;;;;;;;;;;;;;;;;;;;;;;;;;;;;;;;;;;;;;;;;;;;;;;;;;;;;;;;;;;;;;;;;;;;;;;;;;;;;;;;;;;;;;;;;;;;;;;;;;;;;;;;;;;;;;;;;;;;;;;;;;;;;;;;;;;;;;;;;;;;;;;;;;;;;;;;;;;;;;;;;;;;;;;;;;;;;;;;;;;;;;;;;;;;;;;;;;;;;;;;;;;;;;;;;;;;;;;;;;;;;;;;;;;;;;;;;;;;;;;;;;;;;;;;;;;;;;;;;;;;;;;;;;;;;;;;;;;;;;;;;;;;;;;;;;;;;;;;;;;;;;;
Data Sources: Eurostat | NSI - Labour Force Survey;;;;;;;;;;;;;;;;;;;;;;;;;;;;;;;;;;;;;;;;;;;;;;;;;;;;;;;;;;;;;;;;;;;;;;;;;;;;;;;;;;;;;;;;;;;;;;;;;;;;;;;;;;;;;;;;;;;;;;;;;;;;;;;;;;;;;;;;;;;;;;;;;;;;;;;;;;;;;;;;;;;;;;;;;;;;;;;;;;;;;;;;;;;;;;;;;;;;;;;;;;;;;;;;;;;;;;;;;;;;;;;;;;;;;;;;;;;;;;;;;;;;;;;;;;;;;;;;;;;;;;;;;;;;;;;;;;;;;;;;;;;;;;;;;;;;;;;;;;;;;;;;;;;;;;;;;;;;;;;;;;;;;;;;;;;;;;;;;;;;;;;;;;;;;;;;;;;;;;;;;;;;;;;;;;;;;;;;;;;;;;;;;;;;;;;;;;;;;;;;;;;;;;;;;;;;;;;;;;;;;;;;;;;;;;;;;;;;;;;;;;;;;;;;;;;;;;;;;;;;;;;;;;;;;;;;;;;;;;;;;;;;;;;;;;;;;;;;;;;;;;;;;;;;;;;;;;;;;;;;;;;;;;;;;;;;;;;;;;;;;;;;;;;;;;;;;;;;;;;;;;;;;;;;;;;;;;;;;;;;;;;;;;;;;;;;;;;;;;;;;;;;;;;;;;;;;;;;;;;;;;;;;;;;;;;;;;;;;;;;;;;;;;
Source: PORDATA;;;;;;;;;;;;;;;;;;;;;;;;;;;;;;;;;;;;;;;;;;;;;;;;;;;;;;;;;;;;;;;;;;;;;;;;;;;;;;;;;;;;;;;;;;;;;;;;;;;;;;;;;;;;;;;;;;;;;;;;;;;;;;;;;;;;;;;;;;;;;;;;;;;;;;;;;;;;;;;;;;;;;;;;;;;;;;;;;;;;;;;;;;;;;;;;;;;;;;;;;;;;;;;;;;;;;;;;;;;;;;;;;;;;;;;;;;;;;;;;;;;;;;;;;;;;;;;;;;;;;;;;;;;;;;;;;;;;;;;;;;;;;;;;;;;;;;;;;;;;;;;;;;;;;;;;;;;;;;;;;;;;;;;;;;;;;;;;;;;;;;;;;;;;;;;;;;;;;;;;;;;;;;;;;;;;;;;;;;;;;;;;;;;;;;;;;;;;;;;;;;;;;;;;;;;;;;;;;;;;;;;;;;;;;;;;;;;;;;;;;;;;;;;;;;;;;;;;;;;;;;;;;;;;;;;;;;;;;;;;;;;;;;;;;;;;;;;;;;;;;;;;;;;;;;;;;;;;;;;;;;;;;;;;;;;;;;;;;;;;;;;;;;;;;;;;;;;;;;;;;;;;;;;;;;;;;;;;;;;;;;;;;;;;;;;;;;;;;;;;;;;;;;;;;;;;;;;;;;;;;;;;;;;;;;;;;;;;;;;;;;;;;;
Last updated: 2020-01-31;;;;;;;;;;;;;;;;;;;;;;;;;;;;;;;;;;;;;;;;;;;;;;;;;;;;;;;;;;;;;;;;;;;;;;;;;;;;;;;;;;;;;;;;;;;;;;;;;;;;;;;;;;;;;;;;;;;;;;;;;;;;;;;;;;;;;;;;;;;;;;;;;;;;;;;;;;;;;;;;;;;;;;;;;;;;;;;;;;;;;;;;;;;;;;;;;;;;;;;;;;;;;;;;;;;;;;;;;;;;;;;;;;;;;;;;;;;;;;;;;;;;;;;;;;;;;;;;;;;;;;;;;;;;;;;;;;;;;;;;;;;;;;;;;;;;;;;;;;;;;;;;;;;;;;;;;;;;;;;;;;;;;;;;;;;;;;;;;;;;;;;;;;;;;;;;;;;;;;;;;;;;;;;;;;;;;;;;;;;;;;;;;;;;;;;;;;;;;;;;;;;;;;;;;;;;;;;;;;;;;;;;;;;;;;;;;;;;;;;;;;;;;;;;;;;;;;;;;;;;;;;;;;;;;;;;;;;;;;;;;;;;;;;;;;;;;;;;;;;;;;;;;;;;;;;;;;;;;;;;;;;;;;;;;;;;;;;;;;;;;;;;;;;;;;;;;;;;;;;;;;;;;;;;;;;;;;;;;;;;;;;;;;;;;;;;;;;;;;;;;;;;;;;;;;;;;;;;;;;;;;;;;;;;;;;;;;;;;;;;;;;;;;
;;;;;;;;;;;;;;;;;;;;;;;;;;;;;;;;;;;;;;;;;;;;;;;;;;;;;;;;;;;;;;;;;;;;;;;;;;;;;;;;;;;;;;;;;;;;;;;;;;;;;;;;;;;;;;;;;;;;;;;;;;;;;;;;;;;;;;;;;;;;;;;;;;;;;;;;;;;;;;;;;;;;;;;;;;;;;;;;;;;;;;;;;;;;;;;;;;;;;;;;;;;;;;;;;;;;;;;;;;;;;;;;;;;;;;;;;;;;;;;;;;;;;;;;;;;;;;;;;;;;;;;;;;;;;;;;;;;;;;;;;;;;;;;;;;;;;;;;;;;;;;;;;;;;;;;;;;;;;;;;;;;;;;;;;;;;;;;;;;;;;;;;;;;;;;;;;;;;;;;;;;;;;;;;;;;;;;;;;;;;;;;;;;;;;;;;;;;;;;;;;;;;;;;;;;;;;;;;;;;;;;;;;;;;;;;;;;;;;;;;;;;;;;;;;;;;;;;;;;;;;;;;;;;;;;;;;;;;;;;;;;;;;;;;;;;;;;;;;;;;;;;;;;;;;;;;;;;;;;;;;;;;;;;;;;;;;;;;;;;;;;;;;;;;;;;;;;;;;;;;;;;;;;;;;;;;;;;;;;;;;;;;;;;;;;;;;;;;;;;;;;;;;;;;;;;;;;;;;;;;;;;;;;;;;;;;;;;;;;;;;;;;;;
;;;;;;;;;;;;;;;;;;;;;;;;;;;;;;;;;;;;;;;;;;;;;;;;;;;;;;;;;;;;;;;;;;;;;;;;;;;;;;;;;;;;;;;;;;;;;;;;;;;;;;;;;;;;;;;;;;;;;;;;;;;;;;;;;;;;;;;;;;;;;;;;;;;;;;;;;;;;;;;;;;;;;;;;;;;;;;;;;;;;;;;;;;;;;;;;;;;;;;;;;;;;;;;;;;;;;;;;;;;;;;;;;;;;;;;;;;;;;;;;;;;;;;;;;;;;;;;;;;;;;;;;;;;;;;;;;;;;;;;;;;;;;;;;;;;;;;;;;;;;;;;;;;;;;;;;;;;;;;;;;;;;;;;;;;;;;;;;;;;;;;;;;;;;;;;;;;;;;;;;;;;;;;;;;;;;;;;;;;;;;;;;;;;;;;;;;;;;;;;;;;;;;;;;;;;;;;;;;;;;;;;;;;;;;;;;;;;;;;;;;;;;;;;;;;;;;;;;;;;;;;;;;;;;;;;;;;;;;;;;;;;;;;;;;;;;;;;;;;;;;;;;;;;;;;;;;;;;;;;;;;;;;;;;;;;;;;;;;;;;;;;;;;;;;;;;;;;;;;;;;;;;;;;;;;;;;;;;;;;;;;;;;;;;;;;;;;;;;;;;;;;;;;;;;;;;;;;;;;;;;;;;;;;;;;;;;;;;;;;;;;;;;;
;;;;;;;;;;;;;;;;;;;;;;;;;;;;;;;;;;;;;;;;;;;;;;;;;;;;;;;;;;;;;;;;;;;;;;;;;;;;;;;;;;;;;;;;;;;;;;;;;;;;;;;;;;;;;;;;;;;;;;;;;;;;;;;;;;;;;;;;;;;;;;;;;;;;;;;;;;;;;;;;;;;;;;;;;;;;;;;;;;;;;;;;;;;;;;;;;;;;;;;;;;;;;;;;;;;;;;;;;;;;;;;;;;;;;;;;;;;;;;;;;;;;;;;;;;;;;;;;;;;;;;;;;;;;;;;;;;;;;;;;;;;;;;;;;;;;;;;;;;;;;;;;;;;;;;;;;;;;;;;;;;;;;;;;;;;;;;;;;;;;;;;;;;;;;;;;;;;;;;;;;;;;;;;;;;;;;;;;;;;;;;;;;;;;;;;;;;;;;;;;;;;;;;;;;;;;;;;;;;;;;;;;;;;;;;;;;;;;;;;;;;;;;;;;;;;;;;;;;;;;;;;;;;;;;;;;;;;;;;;;;;;;;;;;;;;;;;;;;;;;;;;;;;;;;;;;;;;;;;;;;;;;;;;;;;;;;;;;;;;;;;;;;;;;;;;;;;;;;;;;;;;;;;;;;;;;;;;;;;;;;;;;;;;;;;;;;;;;;;;;;;;;;;;;;;;;;;;;;;;;;;;;;;;;;;;;;;;;;;;;;;;;;;
Symbology;;;;;;;;;;;;;;;;;;;;;;;;;;;;;;;;;;;;;;;;;;;;;;;;;;;;;;;;;;;;;;;;;;;;;;;;;;;;;;;;;;;;;;;;;;;;;;;;;;;;;;;;;;;;;;;;;;;;;;;;;;;;;;;;;;;;;;;;;;;;;;;;;;;;;;;;;;;;;;;;;;;;;;;;;;;;;;;;;;;;;;;;;;;;;;;;;;;;;;;;;;;;;;;;;;;;;;;;;;;;;;;;;;;;;;;;;;;;;;;;;;;;;;;;;;;;;;;;;;;;;;;;;;;;;;;;;;;;;;;;;;;;;;;;;;;;;;;;;;;;;;;;;;;;;;;;;;;;;;;;;;;;;;;;;;;;;;;;;;;;;;;;;;;;;;;;;;;;;;;;;;;;;;;;;;;;;;;;;;;;;;;;;;;;;;;;;;;;;;;;;;;;;;;;;;;;;;;;;;;;;;;;;;;;;;;;;;;;;;;;;;;;;;;;;;;;;;;;;;;;;;;;;;;;;;;;;;;;;;;;;;;;;;;;;;;;;;;;;;;;;;;;;;;;;;;;;;;;;;;;;;;;;;;;;;;;;;;;;;;;;;;;;;;;;;;;;;;;;;;;;;;;;;;;;;;;;;;;;;;;;;;;;;;;;;;;;;;;;;;;;;;;;;;;;;;;;;;;;;;;;;;;;;;;;;;;;;;;;;;;;;;;;;
_;Series break;;Pro;Provisional value;;Pre;Preliminary value;;;;;;;;;;;;;;;;;;;;;;;;;;;;;;;;;;;;;;;;;;;;;;;;;;;;;;;;;;;;;;;;;;;;;;;;;;;;;;;;;;;;;;;;;;;;;;;;;;;;;;;;;;;;;;;;;;;;;;;;;;;;;;;;;;;;;;;;;;;;;;;;;;;;;;;;;;;;;;;;;;;;;;;;;;;;;;;;;;;;;;;;;;;;;;;;;;;;;;;;;;;;;;;;;;;;;;;;;;;;;;;;;;;;;;;;;;;;;;;;;;;;;;;;;;;;;;;;;;;;;;;;;;;;;;;;;;;;;;;;;;;;;;;;;;;;;;;;;;;;;;;;;;;;;;;;;;;;;;;;;;;;;;;;;;;;;;;;;;;;;;;;;;;;;;;;;;;;;;;;;;;;;;;;;;;;;;;;;;;;;;;;;;;;;;;;;;;;;;;;;;;;;;;;;;;;;;;;;;;;;;;;;;;;;;;;;;;;;;;;;;;;;;;;;;;;;;;;;;;;;;;;;;;;;;;;;;;;;;;;;;;;;;;;;;;;;;;;;;;;;;;;;;;;;;;;;;;;;;;;;;;;;;;;;;;;;;;;;;;;;;;;;;;;;;;;;;;;;;;;;;;;;;;;;;;;;;;;;;;;;;;;;;;;;;;;;;;;;;;;;;;;;;;;;;;;;;;;;;;;;;;;;;;;;;;;;;;;;;;
...;Confidential;;x;Not available;;e;Less than half the unit used;;;;;;;;;;;;;;;;;;;;;;;;;;;;;;;;;;;;;;;;;;;;;;;;;;;;;;;;;;;;;;;;;;;;;;;;;;;;;;;;;;;;;;;;;;;;;;;;;;;;;;;;;;;;;;;;;;;;;;;;;;;;;;;;;;;;;;;;;;;;;;;;;;;;;;;;;;;;;;;;;;;;;;;;;;;;;;;;;;;;;;;;;;;;;;;;;;;;;;;;;;;;;;;;;;;;;;;;;;;;;;;;;;;;;;;;;;;;;;;;;;;;;;;;;;;;;;;;;;;;;;;;;;;;;;;;;;;;;;;;;;;;;;;;;;;;;;;;;;;;;;;;;;;;;;;;;;;;;;;;;;;;;;;;;;;;;;;;;;;;;;;;;;;;;;;;;;;;;;;;;;;;;;;;;;;;;;;;;;;;;;;;;;;;;;;;;;;;;;;;;;;;;;;;;;;;;;;;;;;;;;;;;;;;;;;;;;;;;;;;;;;;;;;;;;;;;;;;;;;;;;;;;;;;;;;;;;;;;;;;;;;;;;;;;;;;;;;;;;;;;;;;;;;;;;;;;;;;;;;;;;;;;;;;;;;;;;;;;;;;;;;;;;;;;;;;;;;;;;;;;;;;;;;;;;;;;;;;;;;;;;;;;;;;;;;;;;;;;;;;;;;;;;;;;;;;;;;;;;;;;;;;;;;;;;;;;;;;;;;
//;Not applicable or real zero or zero by default;;f;Forecast;;¤;Extremely unreliable value;;;;;;;;;;;;;;;;;;;;;;;;;;;;;;;;;;;;;;;;;;;;;;;;;;;;;;;;;;;;;;;;;;;;;;;;;;;;;;;;;;;;;;;;;;;;;;;;;;;;;;;;;;;;;;;;;;;;;;;;;;;;;;;;;;;;;;;;;;;;;;;;;;;;;;;;;;;;;;;;;;;;;;;;;;;;;;;;;;;;;;;;;;;;;;;;;;;;;;;;;;;;;;;;;;;;;;;;;;;;;;;;;;;;;;;;;;;;;;;;;;;;;;;;;;;;;;;;;;;;;;;;;;;;;;;;;;;;;;;;;;;;;;;;;;;;;;;;;;;;;;;;;;;;;;;;;;;;;;;;;;;;;;;;;;;;;;;;;;;;;;;;;;;;;;;;;;;;;;;;;;;;;;;;;;;;;;;;;;;;;;;;;;;;;;;;;;;;;;;;;;;;;;;;;;;;;;;;;;;;;;;;;;;;;;;;;;;;;;;;;;;;;;;;;;;;;;;;;;;;;;;;;;;;;;;;;;;;;;;;;;;;;;;;;;;;;;;;;;;;;;;;;;;;;;;;;;;;;;;;;;;;;;;;;;;;;;;;;;;;;;;;;;;;;;;;;;;;;;;;;;;;;;;;;;;;;;;;;;;;;;;;;;;;;;;;;;;;;;;;;;;;;;;;;;;;;;;;;;;;;;;;;;;;;;;;;;;;;;;
-;Absent value;;Rv;Revised value;;(R);Data rectified by the relevant body;;;;;;;;;;;;;;;;;;;;;;;;;;;;;;;;;;;;;;;;;;;;;;;;;;;;;;;;;;;;;;;;;;;;;;;;;;;;;;;;;;;;;;;;;;;;;;;;;;;;;;;;;;;;;;;;;;;;;;;;;;;;;;;;;;;;;;;;;;;;;;;;;;;;;;;;;;;;;;;;;;;;;;;;;;;;;;;;;;;;;;;;;;;;;;;;;;;;;;;;;;;;;;;;;;;;;;;;;;;;;;;;;;;;;;;;;;;;;;;;;;;;;;;;;;;;;;;;;;;;;;;;;;;;;;;;;;;;;;;;;;;;;;;;;;;;;;;;;;;;;;;;;;;;;;;;;;;;;;;;;;;;;;;;;;;;;;;;;;;;;;;;;;;;;;;;;;;;;;;;;;;;;;;;;;;;;;;;;;;;;;;;;;;;;;;;;;;;;;;;;;;;;;;;;;;;;;;;;;;;;;;;;;;;;;;;;;;;;;;;;;;;;;;;;;;;;;;;;;;;;;;;;;;;;;;;;;;;;;;;;;;;;;;;;;;;;;;;;;;;;;;;;;;;;;;;;;;;;;;;;;;;;;;;;;;;;;;;;;;;;;;;;;;;;;;;;;;;;;;;;;;;;;;;;;;;;;;;;;;;;;;;;;;;;;;;;;;;;;;;;;;;;;;;;;;;;;;;;;;;;;;;;;;;;;;;;;;;;;;
N;Negligible value;;s;Estimated value;;u;Unreliable or uncertain data;;;;;;;;;;;;;;;;;;;;;;;;;;;;;;;;;;;;;;;;;;;;;;;;;;;;;;;;;;;;;;;;;;;;;;;;;;;;;;;;;;;;;;;;;;;;;;;;;;;;;;;;;;;;;;;;;;;;;;;;;;;;;;;;;;;;;;;;;;;;;;;;;;;;;;;;;;;;;;;;;;;;;;;;;;;;;;;;;;;;;;;;;;;;;;;;;;;;;;;;;;;;;;;;;;;;;;;;;;;;;;;;;;;;;;;;;;;;;;;;;;;;;;;;;;;;;;;;;;;;;;;;;;;;;;;;;;;;;;;;;;;;;;;;;;;;;;;;;;;;;;;;;;;;;;;;;;;;;;;;;;;;;;;;;;;;;;;;;;;;;;;;;;;;;;;;;;;;;;;;;;;;;;;;;;;;;;;;;;;;;;;;;;;;;;;;;;;;;;;;;;;;;;;;;;;;;;;;;;;;;;;;;;;;;;;;;;;;;;;;;;;;;;;;;;;;;;;;;;;;;;;;;;;;;;;;;;;;;;;;;;;;;;;;;;;;;;;;;;;;;;;;;;;;;;;;;;;;;;;;;;;;;;;;;;;;;;;;;;;;;;;;;;;;;;;;;;;;;;;;;;;;;;;;;;;;;;;;;;;;;;;;;;;;;;;;;;;;;;;;;;;;;;;;;;;;;;;;;;;;;;;;;;;;;;;;;;;;;;;
;;;;;;;;;;;;;;;;;;;;;;;;;;;;;;;;;;;;;;;;;;;;;;;;;;;;;;;;;;;;;;;;;;;;;;;;;;;;;;;;;;;;;;;;;;;;;;;;;;;;;;;;;;;;;;;;;;;;;;;;;;;;;;;;;;;;;;;;;;;;;;;;;;;;;;;;;;;;;;;;;;;;;;;;;;;;;;;;;;;;;;;;;;;;;;;;;;;;;;;;;;;;;;;;;;;;;;;;;;;;;;;;;;;;;;;;;;;;;;;;;;;;;;;;;;;;;;;;;;;;;;;;;;;;;;;;;;;;;;;;;;;;;;;;;;;;;;;;;;;;;;;;;;;;;;;;;;;;;;;;;;;;;;;;;;;;;;;;;;;;;;;;;;;;;;;;;;;;;;;;;;;;;;;;;;;;;;;;;;;;;;;;;;;;;;;;;;;;;;;;;;;;;;;;;;;;;;;;;;;;;;;;;;;;;;;;;;;;;;;;;;;;;;;;;;;;;;;;;;;;;;;;;;;;;;;;;;;;;;;;;;;;;;;;;;;;;;;;;;;;;;;;;;;;;;;;;;;;;;;;;;;;;;;;;;;;;;;;;;;;;;;;;;;;;;;;;;;;;;;;;;;;;;;;;;;;;;;;;;;;;;;;;;;;;;;;;;;;;;;;;;;;;;;;;;;;;;;;;;;;;;;;;;;;;;;;;;;;;;;;;;;;;;
;;;;;;;;;;;;;;;;;;;;;;;;;;;;;;;;;;;;;;;;;;;;;;;;;;;;;;;;;;;;;;;;;;;;;;;;;;;;;;;;;;;;;;;;;;;;;;;;;;;;;;;;;;;;;;;;;;;;;;;;;;;;;;;;;;;;;;;;;;;;;;;;;;;;;;;;;;;;;;;;;;;;;;;;;;;;;;;;;;;;;;;;;;;;;;;;;;;;;;;;;;;;;;;;;;;;;;;;;;;;;;;;;;;;;;;;;;;;;;;;;;;;;;;;;;;;;;;;;;;;;;;;;;;;;;;;;;;;;;;;;;;;;;;;;;;;;;;;;;;;;;;;;;;;;;;;;;;;;;;;;;;;;;;;;;;;;;;;;;;;;;;;;;;;;;;;;;;;;;;;;;;;;;;;;;;;;;;;;;;;;;;;;;;;;;;;;;;;;;;;;;;;;;;;;;;;;;;;;;;;;;;;;;;;;;;;;;;;;;;;;;;;;;;;;;;;;;;;;;;;;;;;;;;;;;;;;;;;;;;;;;;;;;;;;;;;;;;;;;;;;;;;;;;;;;;;;;;;;;;;;;;;;;;;;;;;;;;;;;;;;;;;;;;;;;;;;;;;;;;;;;;;;;;;;;;;;;;;;;;;;;;;;;;;;;;;;;;;;;;;;;;;;;;;;;;;;;;;;;;;;;;;;;;;;;;;;;;;;;;;;;;;;;
;;;;;;;;;;;;;;;;;;;;;;;;;;;;;;;;;;;;;;;;;;;;;;;;;;;;;;;;;;;;;;;;;;;;;;;;;;;;;;;;;;;;;;;;;;;;;;;;;;;;;;;;;;;;;;;;;;;;;;;;;;;;;;;;;;;;;;;;;;;;;;;;;;;;;;;;;;;;;;;;;;;;;;;;;;;;;;;;;;;;;;;;;;;;;;;;;;;;;;;;;;;;;;;;;;;;;;;;;;;;;;;;;;;;;;;;;;;;;;;;;;;;;;;;;;;;;;;;;;;;;;;;;;;;;;;;;;;;;;;;;;;;;;;;;;;;;;;;;;;;;;;;;;;;;;;;;;;;;;;;;;;;;;;;;;;;;;;;;;;;;;;;;;;;;;;;;;;;;;;;;;;;;;;;;;;;;;;;;;;;;;;;;;;;;;;;;;;;;;;;;;;;;;;;;;;;;;;;;;;;;;;;;;;;;;;;;;;;;;;;;;;;;;;;;;;;;;;;;;;;;;;;;;;;;;;;;;;;;;;;;;;;;;;;;;;;;;;;;;;;;;;;;;;;;;;;;;;;;;;;;;;;;;;;;;;;;;;;;;;;;;;;;;;;;;;;;;;;;;;;;;;;;;;;;;;;;;;;;;;;;;;;;;;;;;;;;;;;;;;;;;;;;;;;;;;;;;;;;;;;;;;;;;;;;;;;;;;;;;;;;;;;;;
;;;;;;;;;;;;;;;;;;;;;;;;;;;;;;;;;;;;;;;;;;;;;;;;;;;;;;;;;;;;;;;;;;;;;;;;;;;;;;;;;;;;;;;;;;;;;;;;;;;;;;;;;;;;;;;;;;;;;;;;;;;;;;;;;;;;;;;;;;;;;;;;;;;;;;;;;;;;;;;;;;;;;;;;;;;;;;;;;;;;;;;;;;;;;;;;;;;;;;;;;;;;;;;;;;;;;;;;;;;;;;;;;;;;;;;;;;;;;;;;;;;;;;;;;;;;;;;;;;;;;;;;;;;;;;;;;;;;;;;;;;;;;;;;;;;;;;;;;;;;;;;;;;;;;;;;;;;;;;;;;;;;;;;;;;;;;;;;;;;;;;;;;;;;;;;;;;;;;;;;;;;;;;;;;;;;;;;;;;;;;;;;;;;;;;;;;;;;;;;;;;;;;;;;;;;;;;;;;;;;;;;;;;;;;;;;;;;;;;;;;;;;;;;;;;;;;;;;;;;;;;;;;;;;;;;;;;;;;;;;;;;;;;;;;;;;;;;;;;;;;;;;;;;;;;;;;;;;;;;;;;;;;;;;;;;;;;;;;;;;;;;;;;;;;;;;;;;;;;;;;;;;;;;;;;;;;;;;;;;;;;;;;;;;;;;;;;;;;;;;;;;;;;;;;;;;;;;;;;;;;;;;;;;;;;;;;;;;;;;;;;;;;;
Data obtained in https:www.pordata.pt in 24-05-2022;;;;;;;;;;;;;;;;;;;;;;;;;;;;;;;;;;;;;;;;;;;;;;;;;;;;;;;;;;;;;;;;;;;;;;;;;;;;;;;;;;;;;;;;;;;;;;;;;;;;;;;;;;;;;;;;;;;;;;;;;;;;;;;;;;;;;;;;;;;;;;;;;;;;;;;;;;;;;;;;;;;;;;;;;;;;;;;;;;;;;;;;;;;;;;;;;;;;;;;;;;;;;;;;;;;;;;;;;;;;;;;;;;;;;;;;;;;;;;;;;;;;;;;;;;;;;;;;;;;;;;;;;;;;;;;;;;;;;;;;;;;;;;;;;;;;;;;;;;;;;;;;;;;;;;;;;;;;;;;;;;;;;;;;;;;;;;;;;;;;;;;;;;;;;;;;;;;;;;;;;;;;;;;;;;;;;;;;;;;;;;;;;;;;;;;;;;;;;;;;;;;;;;;;;;;;;;;;;;;;;;;;;;;;;;;;;;;;;;;;;;;;;;;;;;;;;;;;;;;;;;;;;;;;;;;;;;;;;;;;;;;;;;;;;;;;;;;;;;;;;;;;;;;;;;;;;;;;;;;;;;;;;;;;;;;;;;;;;;;;;;;;;;;;;;;;;;;;;;;;;;;;;;;;;;;;;;;;;;;;;;;;;;;;;;;;;;;;;;;;;;;;;;;;;;;;;;;;;;;;;;;;;;;;;;;;;;;;;;;;;;;;;;
;;;;;;;;;;;;;;;;;;;;;;;;;;;;;;;;;;;;;;;;;;;;;;;;;;;;;;;;;;;;;;;;;;;;;;;;;;;;;;;;;;;;;;;;;;;;;;;;;;;;;;;;;;;;;;;;;;;;;;;;;;;;;;;;;;;;;;;;;;;;;;;;;;;;;;;;;;;;;;;;;;;;;;;;;;;;;;;;;;;;;;;;;;;;;;;;;;;;;;;;;;;;;;;;;;;;;;;;;;;;;;;;;;;;;;;;;;;;;;;;;;;;;;;;;;;;;;;;;;;;;;;;;;;;;;;;;;;;;;;;;;;;;;;;;;;;;;;;;;;;;;;;;;;;;;;;;;;;;;;;;;;;;;;;;;;;;;;;;;;;;;;;;;;;;;;;;;;;;;;;;;;;;;;;;;;;;;;;;;;;;;;;;;;;;;;;;;;;;;;;;;;;;;;;;;;;;;;;;;;;;;;;;;;;;;;;;;;;;;;;;;;;;;;;;;;;;;;;;;;;;;;;;;;;;;;;;;;;;;;;;;;;;;;;;;;;;;;;;;;;;;;;;;;;;;;;;;;;;;;;;;;;;;;;;;;;;;;;;;;;;;;;;;;;;;;;;;;;;;;;;;;;;;;;;;;;;;;;;;;;;;;;;;;;;;;;;;;;;;;;;;;;;;;;;;;;;;;;;;;;;;;;;;;;;;;;;;;;;;;;;;;;;;
 ; ; ; ; ; ; ; ; ; ; ; ; ; ; ; ; ; ; ; ; ; ; ; ; ; ; ; ; ; ; ; ; ; ; ; ; ; ; ; ; ; ; ; ; ; ; ; ; ; ; ; ; ; ; ; ; ; ; ; ; ; ; ; ; ; ; ; ; ; ; ; ; ; ; ; ; ; ; ; ; ; ; ; ; ; ; ; ; ; ; ; ; ; ; ; ; ; ; ; ; ; ; ; ; ; ; ; ; ; ; ; ; ; ; ; ; ; ; ; ; ; ; ; ; ; ; ; ; ; ; ; ; ; ; ; ; ; ; ; ; ; ; ; ; ; ; ; ; ; ; ; ; ; ; ; ; ; ; ; ; ; ; ; ; ; ; ; ; ; ; ; ; ; ; ; ; ; ; ; ; ; ; ; ; ; ; ; ; ; ; ; ; ; ; ; ; ; ; ; ; ; ; ; ; ; ; ; ; ; ; ; ; ; ; ; ; ; ; ; ; ; ; ; ; ; ; ; ; ; ; ; ; ; ; ; ; ; ; ; ; ; ; ; ; ; ; ; ; ; ; ; ; ; ; ; ; ; ; ; ; ; ; ; ; ; ; ; ; ; ; ; ; ; ; ; ; ; ; ; ; ; ; ; ; ; ; ; ; ; ; ; ; ; ; ; ; ; ; ; ; ; ; ; ; ; ; ; ; ; ; ; ; ; ; ; ; ; ; ; ; ; ; ; ; ; ; ; ; ; ; ; ; ; ; ; ; ; ; ; ; ; ; ; ; ; ; ; ; ; ; ; ; ; ; ; ; ; ; ; ; ; ; ; ; ; ; ; ; ; ; ; ; ; ; ; ; ; ; ; ; ; ; ; ; ; ; ; ; ; ; ; ; ; ; ; ; ; ; ; ; ; ; ; ; ; ; ; ; ; ; ; ; ; ; ; ; ; ; ; ; ; ; ; ; ; ; ; ; ; ; ; ; ; ; ; ; ; ; ; ; ; ; ; ; ; ; ; ; ; ; ; ; ; ; ; ; ; ; ; ; ; ; ; ; ; ; ; ; ; ; ; ; ; ; ; ; ; ; ; ; ; ; ; ; ; ; ; ; ; ; ; ; ; ; ; ; ; ; ; ; ; ; ; ; ; ; ; ; ; ; ; ; ; ; ; ; ; ; ; ; ; ; ; ; ; ; ; ; ; ; ; ; ; ; ; ; ; ; ; ; ; ; ; ; ; ; ; ; ; ; ; ; ; ; ; ; ; ; ; ; ; ; ; ; ; ; ; ; ; ; ; ; ; ; ; ; ; ; ; ; ; ; ; ; ; ; ; ; ; ; ; ; ; ; ; ; ; ; ; ; ; ; ; ; ; ; ; ; ; ; ; ; ; ; ; ; ; ; ; ; ; ; ; ; ; ; ; ; ; ; ; ; ; ; ; ; ; ; ; ; ; ; ; ; ; ; 